id	label	branch	claim	artifact	audit_symbols	reopen_gate
E-269	PROVED-LEAN	issue #73, gate T6 (universal parametric AAS/non-AAS collision decomposition for arbitrary sizes)	Universal parametric AAS and non-AAS collision decomposition for arbitrary sizes: universal neighborhood singleton equivalence (s ∈ N(A) ↔ ∃ u ∈ A, s ∈ N([u])); universal non-AAS witness necessity (collision witness must be non-AAS); universal all-AAS avoidance and survival (|A| <= |N(A) \ {s*(u0)}| for all-AAS tight subsets of arbitrary size); universal single non-AAS collision equivalence (s*(u0) ∈ N(A) ↔ s*(u0) ∈ N([w])); universal single non-AAS survival (s*(u0) ∉ N([w]) implies |A| <= |N(A) \ {s*(u0)}|); universal two non-AAS collision equivalence (s*(u0) ∈ N(A) ↔ s*(u0) ∈ N([w1]) ∨ s*(u0) ∈ N([w2])); universal two non-AAS survival (s*(u0) ∉ N([w1]) ∧ s*(u0) ∉ N([w2]) implies |A| <= |N(A) \ {s*(u0)}|); universal Hall preservation of slack or non-membership; and grand universal tight decomposition synthesis	Recaman/UniversalTightDecomposition.lean	Recaman.UniversalTightDecomposition.universal_mem_neighborhood_iff;Recaman.UniversalTightDecomposition.universal_non_aas_witness;Recaman.UniversalTightDecomposition.universal_all_aas_avoids;Recaman.UniversalTightDecomposition.universal_all_aas_survives;Recaman.UniversalTightDecomposition.universal_single_non_aas_collision_iff;Recaman.UniversalTightDecomposition.universal_single_non_aas_survives;Recaman.UniversalTightDecomposition.universal_two_non_aas_collision_iff;Recaman.UniversalTightDecomposition.universal_two_non_aas_survives;Recaman.UniversalTightDecomposition.universal_hall_preservation_of_slack_or_not_mem;Recaman.UniversalTightDecomposition.grand_universal_tight_decomposition_synthesis	A periodic word containing a tight subset of arbitrary size where an AAS window covers s*(u0), or where a single non-AAS window does not determine collective collision, or where Hall preservation fails
E-268	PROVED-LEAN	issue #73, gate T6 (AAS and non-AAS collision decomposition in tight quadruples)	AAS and non-AAS collision decomposition in tight quadruples: member neighborhood bound (|N([u])| <= 4 in tight quadruples); impossibility of individual neighborhoods >= 5 in tight quadruples; collision equivalence with single non-AAS window (s*(u0) ∈ N(A) ↔ s*(u0) ∈ N([w])); conditional preservation for single non-AAS window (s*(u0) ∉ N([w]) implies |A| <= |N(A) \ {s*(u0)}|); collision equivalence with two non-AAS windows (s*(u0) ∈ N(A) ↔ s*(u0) ∈ N([w1]) ∨ s*(u0) ∈ N([w2])); conditional preservation for two non-AAS windows (s*(u0) ∉ N([w1]) ∧ s*(u0) ∉ N([w2]) implies |A| <= |N(A) \ {s*(u0)}|); impossibility of disjoint neighborhoods of size >= 3 in tight quadruples; non-disjointness theorem (any two lag 7 windows must intersect); unconditional survival for all-AAS quadruples; and grand tight quadruple decomposition synthesis	Recaman/TightQuadDecomposition.lean	Recaman.TightQuadDecomposition.tight_quad_member_neighborhood_le_four;Recaman.TightQuadDecomposition.tight_quad_no_ge_five;Recaman.TightQuadDecomposition.tight_quad_single_non_aas_collision_iff;Recaman.TightQuadDecomposition.tight_quad_single_non_aas_survives_of_not_covers;Recaman.TightQuadDecomposition.tight_quad_two_non_aas_collision_iff;Recaman.TightQuadDecomposition.tight_quad_two_non_aas_survives_of_neither_covers;Recaman.TightQuadDecomposition.tight_quad_two_lag7_disjoint_impossible;Recaman.TightQuadDecomposition.tight_quad_two_lag7_not_disjoint;Recaman.TightQuadDecomposition.tight_quad_all_aas_survives_unconditional;Recaman.TightQuadDecomposition.grand_tight_quad_decomposition_synthesis	A periodic word containing a tight quadruple of size 4 where a member has individual neighborhood >= 5, or where two disjoint lag 7 windows exist in a tight quadruple, or where Hall's condition fails when s*(u0) is not covered by non-AAS windows
E-267	PROVED-LEAN	issue #73, gate T6 (AAS and non-AAS collision decomposition in tight avoiding subsets)	AAS and non-AAS collision decomposition in tight avoiding subsets: subset/singleton neighborhood equivalence (s ∈ N(A) ↔ ∃ u ∈ A, s ∈ N([u])); AAS window singleton avoidance (s*(u0) ∉ N([u])); non-AAS collision localization (collision with s*(u0) forces witness window to be non-AAS); all-AAS unconditional avoidance (s*(u0) ∉ N(A)); tight triple lag 7 neighborhood saturation (N([w]) = N(A)); lag 7 coverage of cohort AAS endpoints (s*(v1), s*(v2) ∈ N([w])); tight triple collision equivalence (s*(u0) ∈ N(A) ↔ s*(u0) ∈ N([w])); tight triple triple-endpoint coverage forcing ({s*(u0), s*(v1), s*(v2)} ⊆ N([w])); conditional preservation of Hall's condition (s*(u0) ∉ N([w]) implies |A| <= |N(A) \ {s*(u0)}|); and grand tight subset decomposition synthesis	Recaman/TightSubsetDecomposition.lean	Recaman.TightSubsetDecomposition.mem_of_subset_nodup_length_eq;Recaman.TightSubsetDecomposition.mem_neighborhood_iff_exists_singleton;Recaman.TightSubsetDecomposition.aas_window_avoids_s_star;Recaman.TightSubsetDecomposition.neighborhood_collision_forces_non_aas;Recaman.TightSubsetDecomposition.all_aas_subset_avoids_s_star;Recaman.TightSubsetDecomposition.tight_triple_lag7_spans_neighborhood;Recaman.TightSubsetDecomposition.tight_triple_lag7_covers_aas_endpoints;Recaman.TightSubsetDecomposition.tight_triple_collision_iff_lag7_covers;Recaman.TightSubsetDecomposition.tight_triple_collision_forces_triple_endpoint_coverage;Recaman.TightSubsetDecomposition.tight_triple_survives_of_lag7_not_covers;Recaman.TightSubsetDecomposition.grand_tight_subset_decomposition_synthesis	A periodic word containing a tight subset of size 3 where an AAS window covers s*(u0), or where a lag 7 window does not span the collective neighborhood, or where Hall's condition fails when s*(u0) is not covered by the lag 7 window
E-266	PROVED-LEAN	issue #73, gate T6 (exact structural bounds on window neighborhoods in tight subsets)	Exact structural bounds on window neighborhoods in tight subsets: member neighborhood bound (|N([u])| <= |A| in tight subsets); impossibility of individual neighborhoods >= 3 in tight subsets of size <= 2; impossibility of neighborhoods >= 5 in size <= 4; impossibility of neighborhoods >= 7 in size <= 6; impossibility of neighborhoods >= 9 in size <= 8; universal law: impossibility of neighborhoods >= 2k + 1 in tight subsets of size <= 2k; impossibility of two disjoint neighborhoods of size >= 2 in tight subsets of size <= 3; impossibility of two disjoint neighborhoods of size >= 3 in tight subsets of size <= 5; and grand tight subset lag structure synthesis	Recaman/TightSubsetLagStructure.lean	Recaman.TightSubsetLagStructure.tight_subset_member_neighborhood_le;Recaman.TightSubsetLagStructure.no_ge_three_in_tight_le_two;Recaman.TightSubsetLagStructure.no_ge_five_in_tight_le_four;Recaman.TightSubsetLagStructure.no_ge_seven_in_tight_le_six;Recaman.TightSubsetLagStructure.no_ge_nine_in_tight_le_eight;Recaman.TightSubsetLagStructure.no_ge_two_k_plus_one_in_tight_le_two_k;Recaman.TightSubsetLagStructure.two_disjoint_ge_two_exceeds_tight_three;Recaman.TightSubsetLagStructure.two_disjoint_ge_three_exceeds_tight_five;Recaman.TightSubsetLagStructure.grand_tight_subset_lag_structure_synthesis	A periodic word containing a tight subset of size <= 2k whose member has an individual neighborhood of size >= 2k + 1, or containing two disjoint windows of size >= 2 in a tight triple
E-265	PROVED-LEAN	issue #73, gate T6 (universal window-neighborhood subsetting and quantum capacity bounds)	Universal window-neighborhood subsetting and quantum capacity bounds across arbitrary periods: individual neighborhood inclusion (N([u]) ⊆ N(A)); individual neighborhood size bound (|N([u])| <= |A| in tight subsets); universal quantum level bound m <= k - 1 for any window covering >= 2m + 1 subtractions in a tight subset of size <= 2k; deficit-based quantum level bound m <= (|D| - 3) / 2; strict impossibility of windows covering >= 2k + 1 subtractions in tight subsets of size <= 2k; quantum cutoffs (size <= 2 forces m = 0; size <= 4 forces m <= 1; size <= 6 forces m <= 2; size <= 8 forces m <= 3; size <= 10 forces m <= 4); and grand universal quantum window capacity synthesis	Recaman/UniversalQuantumWindowCapacity.lean	Recaman.UniversalQuantumWindowCapacity.singleton_neighborhood_subset;Recaman.UniversalQuantumWindowCapacity.singleton_neighborhood_le_collective;Recaman.UniversalQuantumWindowCapacity.tight_subset_bounds_individual_neighborhood;Recaman.UniversalQuantumWindowCapacity.universal_quantum_level_bound_of_tight_size;Recaman.UniversalQuantumWindowCapacity.universal_quantum_level_bound_of_deficit;Recaman.UniversalQuantumWindowCapacity.universal_quantum_exclusion_of_tight_size;Recaman.UniversalQuantumWindowCapacity.tight_size_two_forces_level_zero;Recaman.UniversalQuantumWindowCapacity.tight_size_four_forces_level_le_one;Recaman.UniversalQuantumWindowCapacity.tight_size_six_forces_level_le_two;Recaman.UniversalQuantumWindowCapacity.tight_size_eight_forces_level_le_three;Recaman.UniversalQuantumWindowCapacity.tight_size_ten_forces_level_le_four;Recaman.UniversalQuantumWindowCapacity.grand_universal_quantum_window_capacity_synthesis	A periodic word of arbitrary period p with positive slack containing a tight subset of size <= 2k whose member covers >= 2k + 1 subtractions, or where an individual neighborhood exceeds the tight subset size
E-264	PROVED-LEAN	issue #73, gate T6 (master universal apex synthesis for arbitrary periods p)	Master universal apex synthesis for arbitrary periods p: closed-form parametric capacity bounds for any period p (|D| <= (p - 1) / 2 and |A| <= |D| - 2 <= (p - 1) / 2 - 2); universal quantum lag hierarchy (m <= (|D| - 3) / 2 for windows in tight avoiding subsets, and impossibility of windows covering >= |D| - 1 subtractions); universal survival of size <= 2 tight avoiding sublists across all periods; universal all-AAS tight survival across all periods; closed-form Gate T6 reduction across all periods p (holding whenever tight avoiding sublists of intermediate sizes 3 <= |B| <= |D| - 2 avoid s*(u0)); unconditional Gate T6 when |U| <= 3 (tier 1) or |D| <= 4 (tier 2); Gate T6 reduction to tight triples when |U| <= 4 (tier 3) or |D| <= 5 (tier 4); and grand universal apex periodic synthesis theorem	Recaman/UniversalApexPeriodicTheorem.lean	Recaman.UniversalApexPeriodicTheorem.universal_apex_parametric_capacity;Recaman.UniversalApexPeriodicTheorem.universal_apex_quantum_lag_hierarchy;Recaman.UniversalApexPeriodicTheorem.universal_apex_tight_size_two_survival;Recaman.UniversalApexPeriodicTheorem.universal_apex_all_aas_survival;Recaman.UniversalApexPeriodicTheorem.universal_apex_gate_t6_closed_form_reduction;Recaman.UniversalApexPeriodicTheorem.universal_apex_gate_t6_unconditional_tier_one;Recaman.UniversalApexPeriodicTheorem.universal_apex_gate_t6_unconditional_tier_two;Recaman.UniversalApexPeriodicTheorem.universal_apex_gate_t6_reduction_tier_three;Recaman.UniversalApexPeriodicTheorem.universal_apex_gate_t6_reduction_tier_four;Recaman.UniversalApexPeriodicTheorem.grand_universal_apex_periodic_synthesis	A periodic word of arbitrary period p with positive signSum and positive slack violating parametric capacity bounds, or where an avoiding sublist of size <= 2 fails to survive deletion of s*(u0), or where Gate T6 fails under the stated conditions
E-263	PROVED-LEAN	issue #73, gate T6 (universal parametric unconditional Gate T6 reductions for all periods p)	Universal parametric unconditional Gate T6 reductions for all periods p: any tight avoiding subset consisting purely of lag 3 AAS windows strictly avoids s*(u0) and survives deletion with zero loss; Gate T6 holds unconditionally on all avoiding sublists if tight avoiding sublists of intermediate sizes (3 <= |B| <= |D| - 2) are lag 3 AAS; Gate T6 reduces entirely to tight avoiding sublists of size 3 and 4 whenever |D| <= 6; Gate T6 reduces to sizes 3, 4, 5 whenever |D| <= 7; Gate T6 reduces to sizes 3, 4, 5, 6 whenever |D| <= 8; unconditional Gate T6 resolution when |U| <= 3 (tier 1) or |D| <= 4 (tier 2); Gate T6 reduction to tight triples when |U| <= 4 (tier 3) or |D| <= 5 (tier 4); and master synthesis for arbitrary-period unconditional Gate T6 reductions	Recaman/ArbitraryPeriodGateT6Unconditional.lean	Recaman.ArbitraryPeriodGateT6Unconditional.arbitrary_period_gate_t6_of_all_aas_tight;Recaman.ArbitraryPeriodGateT6Unconditional.arbitrary_period_gate_t6_of_D_le_six_and_triples_quads;Recaman.ArbitraryPeriodGateT6Unconditional.arbitrary_period_gate_t6_of_D_le_seven_and_triples_quads_quints;Recaman.ArbitraryPeriodGateT6Unconditional.arbitrary_period_gate_t6_of_D_le_eight_and_triples_to_sexts;Recaman.ArbitraryPeriodGateT6Unconditional.arbitrary_period_capacity_tier_one;Recaman.ArbitraryPeriodGateT6Unconditional.arbitrary_period_capacity_tier_two;Recaman.ArbitraryPeriodGateT6Unconditional.arbitrary_period_capacity_tier_three;Recaman.ArbitraryPeriodGateT6Unconditional.arbitrary_period_capacity_tier_four;Recaman.ArbitraryPeriodGateT6Unconditional.grand_arbitrary_period_gate_t6_unconditional_synthesis	A periodic word of arbitrary period p with positive slack where an avoiding sublist of lag 3 AAS windows fails to survive deletion of s*(u0), or where Gate T6 fails under the stated capacity conditions
E-262	PROVED-LEAN	issue #73, gate T6 (universal parametric Gate T6 multi-tier reduction for all periods p)	Universal parametric Gate T6 multi-tier reduction for all periods p: tight avoiding sublists of size <= 2 survive deletion unconditionally; tight avoiding sublists of arbitrary size strictly survive deletion whenever s*(u0) is not in their neighborhood; all avoiding sublists survive deletion if tight avoiding sublists of intermediate sizes (3 <= |B| <= |D| - 2) avoid s*(u0); unconditional survival whenever |U| <= 3 or |D| <= 4; complete reduction to tight triples of size 3 whenever |U| <= 4 or |D| <= 5; and grand arbitrary-period Gate T6 resolution synthesis	Recaman/ArbitraryPeriodGateT6Resolution.lean	Recaman.ArbitraryPeriodGateT6Resolution.arbitrary_period_tight_size_two_survives;Recaman.ArbitraryPeriodGateT6Resolution.arbitrary_period_tight_survives_of_not_mem;Recaman.ArbitraryPeriodGateT6Resolution.arbitrary_period_all_aas_avoids_s_star;Recaman.ArbitraryPeriodGateT6Resolution.arbitrary_period_all_aas_survives;Recaman.ArbitraryPeriodGateT6Resolution.arbitrary_period_avoiding_sublist_survives_of_tight_avoidance;Recaman.ArbitraryPeriodGateT6Resolution.arbitrary_period_avoiding_sublists_survive_unconditional_of_U_le_three;Recaman.ArbitraryPeriodGateT6Resolution.arbitrary_period_avoiding_sublists_survive_unconditional_of_D_le_four;Recaman.ArbitraryPeriodGateT6Resolution.grand_arbitrary_period_gate_t6_resolution_synthesis	A periodic word of arbitrary period p with positive slack where an avoiding sublist of size <= 2 fails to survive deletion of s*(u0), or where Gate T6 fails on some sublist of U
E-261	PROVED-LEAN	issue #73, gate T6 (universal parametric capacity and quantum lag rigidity for all periods p)	Universal parametric capacity and quantum lag rigidity for all periods p: subtractions bound |D| <= (p - 1) / 2 for arbitrary p under positive signSum; avoiding sublist size bound |A| <= |D| - 2 <= (p - 1) / 2 - 2 under positive slack; tight quantum bound 2m + 1 <= |D| - 2; quantum level bound m <= (|D| - 3) / 2 for tight avoiding subsets; exclusion of windows covering >= |D| - 1 subtractions from all tight avoiding subsets; quantum exclusion for 2m + 1 > |D| - 2; capacity specialization to any period upper bound P; and grand arbitrary-period lag rigidity synthesis	Recaman/ArbitraryPeriodLagRigidity.lean	Recaman.ArbitraryPeriodLagRigidity.arbitrary_period_subtractions_bound;Recaman.ArbitraryPeriodLagRigidity.arbitrary_period_avoiding_size_bound;Recaman.ArbitraryPeriodLagRigidity.arbitrary_period_tight_quantum_bound;Recaman.ArbitraryPeriodLagRigidity.arbitrary_period_tight_quantum_level_bound;Recaman.ArbitraryPeriodLagRigidity.arbitrary_period_no_large_window_in_tight;Recaman.ArbitraryPeriodLagRigidity.arbitrary_period_quantum_exclusion;Recaman.ArbitraryPeriodLagRigidity.arbitrary_period_capacity_specialization;Recaman.ArbitraryPeriodLagRigidity.grand_arbitrary_period_lag_rigidity_synthesis	A periodic word of arbitrary period p with positive signSum where |D| > (p - 1) / 2, or a tight avoiding subset containing a window covering >= |D| - 1 subtractions, or an avoiding sublist of size > |D| - 2
E-260	PROVED-LEAN	issue #73, gate T6 (master apex periodic rigidity and Gate T6 synthesis for p <= 24)	Master apex periodic rigidity and Gate T6 synthesis for p <= 24: complete 9-tier capacity stratification (p <= 7: |D| <= 3, |A| <= 1; p <= 10: |D| <= 4, |A| <= 2; p <= 12: |D| <= 5, |A| <= 3; p <= 14: |D| <= 6, |A| <= 4; p <= 16: |D| <= 7, |A| <= 5; p <= 18: |D| <= 8, |A| <= 6; p <= 20: |D| <= 9, |A| <= 7; p <= 22: |D| <= 10, |A| <= 8; p <= 24: |D| <= 11, |A| <= 9); quantum lag hierarchy (lags >= 23 excluded from size <= 9; lags >= 19 excluded from size <= 8; lags >= 15 excluded from size <= 6; lags >= 11 excluded from size <= 4; lag 3 only for size <= 2); universal survival of size <= 2 tight avoiding sublists; all-AAS tight survival up to size 9; unconditional Gate T6 when |U| <= 3 (tier 1) or |D| <= 4 (tier 2); Gate T6 reduction to tight triples when |U| <= 4 (tier 3) or |D| <= 5 (tier 4); Gate T6 reduction to tight avoiding sublists of sizes 3, 4, 5, 6 when |D| <= 8 or |U| <= 7 (tier 6); and grand apex period 24 synthesis	Recaman/GrandApexPeriodTwentyFourTheorem.lean	Recaman.GrandApexPeriodTwentyFourTheorem.apex24_capacity_stratification;Recaman.GrandApexPeriodTwentyFourTheorem.apex24_quantum_lag_hierarchy;Recaman.GrandApexPeriodTwentyFourTheorem.apex24_universal_size_two_survival;Recaman.GrandApexPeriodTwentyFourTheorem.apex24_all_aas_survival_up_to_nine;Recaman.GrandApexPeriodTwentyFourTheorem.apex24_gate_t6_unconditional_tier_one;Recaman.GrandApexPeriodTwentyFourTheorem.apex24_gate_t6_unconditional_tier_two;Recaman.GrandApexPeriodTwentyFourTheorem.apex24_gate_t6_reduction_tier_three;Recaman.GrandApexPeriodTwentyFourTheorem.apex24_gate_t6_reduction_tier_four;Recaman.GrandApexPeriodTwentyFourTheorem.apex24_gate_t6_reduction_tier_six;Recaman.GrandApexPeriodTwentyFourTheorem.grand_apex_period_twenty_four_synthesis	A periodic word of period p <= 24 with positive signSum and positive slack violating any of the 9 capacity tiers, or where an avoiding sublist of size <= 2 fails to survive deletion of s*(u0), or where Gate T6 fails under the stated conditions
E-259	PROVED-LEAN	issue #73, gate T6 (period 24 Gate T6 unconditional reductions and multi-tier capacity hierarchy)	Period 24 Gate T6 unconditional reductions and multi-tier capacity hierarchy: any tight avoiding subset of size <= 9 consisting purely of lag 3 AAS windows strictly avoids s*(u0) and survives deletion with zero loss; Gate T6 holds unconditionally on all avoiding sublists if tight avoiding sublists are lag 3 AAS; Gate T6 reduces entirely to tight avoiding sublists of size 3, 4, 5, and 6 whenever |D| <= 8 or |U| <= 7; unconditional Gate T6 resolution when |U| <= 3 (tier 1) or |D| <= 4 (tier 2); Gate T6 reduction to tight triples when |U| <= 4 (tier 3) or |D| <= 5 (tier 4); and master synthesis for period 24 unconditional Gate T6 reductions	Recaman/TwentyFourGateT6Unconditional.lean	Recaman.TwentyFourGateT6Unconditional.p24_tight_all_aas_avoids_s_star;Recaman.TwentyFourGateT6Unconditional.p24_tight_all_aas_survives;Recaman.TwentyFourGateT6Unconditional.p24_gate_t6_of_all_aas_tight;Recaman.TwentyFourGateT6Unconditional.p24_gate_t6_of_D_le_eight_and_triples_quads_quints_sexts;Recaman.TwentyFourGateT6Unconditional.p24_gate_t6_of_U_le_seven_and_triples_quads_quints_sexts;Recaman.TwentyFourGateT6Unconditional.p24_capacity_tier_one;Recaman.TwentyFourGateT6Unconditional.p24_capacity_tier_two;Recaman.TwentyFourGateT6Unconditional.p24_capacity_tier_three;Recaman.TwentyFourGateT6Unconditional.p24_capacity_tier_four;Recaman.TwentyFourGateT6Unconditional.grand_twenty_four_gate_t6_unconditional_synthesis	A periodic word of period p <= 24 with positive slack where an avoiding sublist of size <= 9 of lag 3 AAS windows fails to survive deletion of s*(u0), or where Gate T6 fails under the stated capacity conditions
E-258	PROVED-LEAN	issue #73, gate T6 (period 24 Gate T6 multi-tier reduction and resolution)	Period 24 Gate T6 multi-tier reduction and resolution: tight avoiding sublists of size <= 2 survive deletion unconditionally; tight avoiding sublists of size 3, 4, 5, 6, 7, 8, 9 strictly survive deletion whenever s*(u0) is not in their neighborhood; all avoiding sublists survive deletion if tight avoiding sublists of size 3, 4, 5, 6, 7, 8, 9 avoid s*(u0); unconditional survival whenever |U| <= 3 or |D| <= 4; complete reduction to tight triples of size 3 whenever |U| <= 4 or |D| <= 5; and grand twenty-four Gate T6 resolution synthesis	Recaman/TwentyFourGateT6Resolution.lean	Recaman.TwentyFourGateT6Resolution.p24_tight_size_two_survives;Recaman.TwentyFourGateT6Resolution.p24_tight_triple_survives_of_not_mem;Recaman.TwentyFourGateT6Resolution.p24_tight_quad_survives_of_not_mem;Recaman.TwentyFourGateT6Resolution.p24_tight_quint_survives_of_not_mem;Recaman.TwentyFourGateT6Resolution.p24_tight_sext_survives_of_not_mem;Recaman.TwentyFourGateT6Resolution.p24_tight_sept_survives_of_not_mem;Recaman.TwentyFourGateT6Resolution.p24_tight_oct_survives_of_not_mem;Recaman.TwentyFourGateT6Resolution.p24_tight_non_survives_of_not_mem;Recaman.TwentyFourGateT6Resolution.p24_avoiding_sublist_survives_of_tight_avoidance;Recaman.TwentyFourGateT6Resolution.p24_avoiding_sublists_survive_unconditional_of_U_le_three;Recaman.TwentyFourGateT6Resolution.p24_avoiding_sublists_survive_unconditional_of_D_le_four;Recaman.TwentyFourGateT6Resolution.p24_gate_t6_of_U_le_four_and_triples;Recaman.TwentyFourGateT6Resolution.p24_gate_t6_of_D_le_five_and_triples;Recaman.TwentyFourGateT6Resolution.grand_twenty_four_gate_t6_resolution_synthesis	A periodic word of period p <= 24 with positive slack where an avoiding sublist of size <= 2 fails to survive deletion of s*(u0), or where Gate T6 fails on some sublist of U
E-257	PROVED-LEAN	issue #73, gate T6 (quantum lag bounds and capacity rigidity for periods p <= 24)	Quantum lag bounds and capacity rigidity for periods up to p <= 24: subtractions bound |D| <= 11 for p <= 24 under positive signSum; avoiding sublist size bound |A| <= 9 under positive slack; avoiding sublist size cases (|A| <= 2 or |A| = 3 or |A| = 4 or |A| = 5 or |A| = 6 or |A| = 7 or |A| = 8 or |A| = 9); exclusion of windows covering >= 10 subtractions (lag >= 23) from all tight avoiding subsets of size <= 9; quantum level bound m <= 4 (lag <= 19) for tight avoiding subsets of size <= 9; quantum level bound m <= 3 (lag <= 15) for tight avoiding subsets of size <= 8; quantum level bound m <= 2 (lag <= 11) for tight avoiding subsets of size <= 6; quantum level bound m <= 1 (lag in {3, 7}) for tight avoiding subsets of size <= 4; capacity reductions to |A| <= 8 (|D| <= 10), |A| <= 7 (|D| <= 9), |A| <= 6 (|D| <= 8); and grand twenty-four lag rigidity synthesis	Recaman/TwentyFourLagRigidity.lean	Recaman.TwentyFourLagRigidity.p24_subtractions_bound;Recaman.TwentyFourLagRigidity.p24_avoiding_size_le_nine;Recaman.TwentyFourLagRigidity.p24_avoiding_size_cases;Recaman.TwentyFourLagRigidity.p24_no_k_ge_ten_in_tight_le_nine;Recaman.TwentyFourLagRigidity.p24_tight_quantum_level_le_four;Recaman.TwentyFourLagRigidity.p24_tight_quantum_level_le_three_of_size_eight;Recaman.TwentyFourLagRigidity.p24_tight_quantum_level_le_two_of_size_six;Recaman.TwentyFourLagRigidity.p24_tight_quantum_level_le_one_of_size_four;Recaman.TwentyFourLagRigidity.p24_avoiding_size_le_eight_of_D_le_ten;Recaman.TwentyFourLagRigidity.p24_avoiding_size_le_seven_of_D_le_nine;Recaman.TwentyFourLagRigidity.p24_avoiding_size_le_six_of_D_le_eight;Recaman.TwentyFourLagRigidity.grand_twenty_four_lag_rigidity_synthesis	A periodic word of period p <= 24 with positive signSum where |D| > 11, or a tight avoiding subset of size <= 9 containing a window covering >= 10 subtractions (lag >= 23), or an avoiding sublist of size > 9
E-256	PROVED-LEAN	issue #73, gate T6 (master apex periodic rigidity and Gate T6 synthesis for p <= 22)	Master apex periodic rigidity and Gate T6 synthesis for p <= 22: complete 8-tier capacity stratification (p <= 7: |D| <= 3, |A| <= 1; p <= 10: |D| <= 4, |A| <= 2; p <= 12: |D| <= 5, |A| <= 3; p <= 14: |D| <= 6, |A| <= 4; p <= 16: |D| <= 7, |A| <= 5; p <= 18: |D| <= 8, |A| <= 6; p <= 20: |D| <= 9, |A| <= 7; p <= 22: |D| <= 10, |A| <= 8); quantum lag hierarchy (lags >= 19 excluded from size <= 8; lags >= 15 excluded from size <= 6; lags >= 11 excluded from size <= 4; lag 3 only for size <= 2); universal survival of size <= 2 tight avoiding sublists; all-AAS tight survival up to size 8; unconditional Gate T6 when |U| <= 3 (tier 1) or |D| <= 4 (tier 2); Gate T6 reduction to tight triples when |U| <= 4 (tier 3) or |D| <= 5 (tier 4); Gate T6 reduction to tight avoiding sublists of sizes 3, 4, 5, 6 when |D| <= 8 or |U| <= 7 (tier 6); and grand apex period 22 synthesis	Recaman/GrandApexPeriodTwentyTwoTheorem.lean	Recaman.GrandApexPeriodTwentyTwoTheorem.apex22_capacity_stratification;Recaman.GrandApexPeriodTwentyTwoTheorem.apex22_quantum_lag_hierarchy;Recaman.GrandApexPeriodTwentyTwoTheorem.apex22_universal_size_two_survival;Recaman.GrandApexPeriodTwentyTwoTheorem.apex22_all_aas_survival_up_to_eight;Recaman.GrandApexPeriodTwentyTwoTheorem.apex22_gate_t6_unconditional_tier_one;Recaman.GrandApexPeriodTwentyTwoTheorem.apex22_gate_t6_unconditional_tier_two;Recaman.GrandApexPeriodTwentyTwoTheorem.apex22_gate_t6_reduction_tier_three;Recaman.GrandApexPeriodTwentyTwoTheorem.apex22_gate_t6_reduction_tier_four;Recaman.GrandApexPeriodTwentyTwoTheorem.apex22_gate_t6_reduction_tier_six;Recaman.GrandApexPeriodTwentyTwoTheorem.grand_apex_period_twenty_two_synthesis	A periodic word of period p <= 22 with positive signSum and positive slack violating any of the 8 capacity tiers, or where an avoiding sublist of size <= 2 fails to survive deletion of s*(u0), or where Gate T6 fails under the stated conditions
E-255	PROVED-LEAN	issue #73, gate T6 (period 22 Gate T6 unconditional reductions and multi-tier capacity hierarchy)	Period 22 Gate T6 unconditional reductions and multi-tier capacity hierarchy: any tight avoiding subset of size <= 8 consisting purely of lag 3 AAS windows strictly avoids s*(u0) and survives deletion with zero loss; Gate T6 holds unconditionally on all avoiding sublists if tight avoiding sublists are lag 3 AAS; Gate T6 reduces entirely to tight avoiding sublists of size 3, 4, 5, and 6 whenever |D| <= 8 or |U| <= 7; unconditional Gate T6 resolution when |U| <= 3 (tier 1) or |D| <= 4 (tier 2); Gate T6 reduction to tight triples when |U| <= 4 (tier 3) or |D| <= 5 (tier 4); and master synthesis for period 22 unconditional Gate T6 reductions	Recaman/TwentyTwoGateT6Unconditional.lean	Recaman.TwentyTwoGateT6Unconditional.p22_tight_all_aas_avoids_s_star;Recaman.TwentyTwoGateT6Unconditional.p22_tight_all_aas_survives;Recaman.TwentyTwoGateT6Unconditional.p22_gate_t6_of_all_aas_tight;Recaman.TwentyTwoGateT6Unconditional.p22_gate_t6_of_D_le_eight_and_triples_quads_quints_sexts;Recaman.TwentyTwoGateT6Unconditional.p22_gate_t6_of_U_le_seven_and_triples_quads_quints_sexts;Recaman.TwentyTwoGateT6Unconditional.p22_capacity_tier_one;Recaman.TwentyTwoGateT6Unconditional.p22_capacity_tier_two;Recaman.TwentyTwoGateT6Unconditional.p22_capacity_tier_three;Recaman.TwentyTwoGateT6Unconditional.p22_capacity_tier_four;Recaman.TwentyTwoGateT6Unconditional.grand_twenty_two_gate_t6_unconditional_synthesis	A periodic word of period p <= 22 with positive slack where an avoiding sublist of size <= 8 of lag 3 AAS windows fails to survive deletion of s*(u0), or where Gate T6 fails under the stated capacity conditions
E-254	PROVED-LEAN	issue #73, gate T6 (period 22 Gate T6 multi-tier reduction and resolution)	Period 22 Gate T6 multi-tier reduction and resolution: tight avoiding sublists of size <= 2 survive deletion unconditionally; tight avoiding sublists of size 3, 4, 5, 6, 7, 8 strictly survive deletion whenever s*(u0) is not in their neighborhood; all avoiding sublists survive deletion if tight avoiding sublists of size 3, 4, 5, 6, 7, 8 avoid s*(u0); unconditional survival whenever |U| <= 3 or |D| <= 4; complete reduction to tight triples of size 3 whenever |U| <= 4 or |D| <= 5; and grand twenty-two Gate T6 resolution synthesis	Recaman/TwentyTwoGateT6Resolution.lean	Recaman.TwentyTwoGateT6Resolution.p22_tight_size_two_survives;Recaman.TwentyTwoGateT6Resolution.p22_tight_triple_survives_of_not_mem;Recaman.TwentyTwoGateT6Resolution.p22_tight_quad_survives_of_not_mem;Recaman.TwentyTwoGateT6Resolution.p22_tight_quint_survives_of_not_mem;Recaman.TwentyTwoGateT6Resolution.p22_tight_sext_survives_of_not_mem;Recaman.TwentyTwoGateT6Resolution.p22_tight_sept_survives_of_not_mem;Recaman.TwentyTwoGateT6Resolution.p22_tight_oct_survives_of_not_mem;Recaman.TwentyTwoGateT6Resolution.p22_avoiding_sublist_survives_of_tight_avoidance;Recaman.TwentyTwoGateT6Resolution.p22_avoiding_sublists_survive_unconditional_of_U_le_three;Recaman.TwentyTwoGateT6Resolution.p22_avoiding_sublists_survive_unconditional_of_D_le_four;Recaman.TwentyTwoGateT6Resolution.p22_gate_t6_of_U_le_four_and_triples;Recaman.TwentyTwoGateT6Resolution.p22_gate_t6_of_D_le_five_and_triples;Recaman.TwentyTwoGateT6Resolution.grand_twenty_two_gate_t6_resolution_synthesis	A periodic word of period p <= 22 with positive slack where an avoiding sublist of size <= 2 fails to survive deletion of s*(u0), or where Gate T6 fails on some sublist of U
E-253	PROVED-LEAN	issue #73, gate T6 (quantum lag bounds and capacity rigidity for periods p <= 22)	Quantum lag bounds and capacity rigidity for periods up to p <= 22: subtractions bound |D| <= 10 for p <= 22 under positive signSum; avoiding sublist size bound |A| <= 8 under positive slack; avoiding sublist size cases (|A| <= 2 or |A| = 3 or |A| = 4 or |A| = 5 or |A| = 6 or |A| = 7 or |A| = 8); exclusion of windows covering >= 9 subtractions (lag >= 19) from all tight avoiding subsets of size <= 8; quantum level bound m <= 3 (lag <= 15) for tight avoiding subsets of size <= 8; quantum level bound m <= 2 (lag <= 11) for tight avoiding subsets of size <= 6; quantum level bound m <= 1 (lag in {3, 7}) for tight avoiding subsets of size <= 4; capacity reductions to |A| <= 7 (|D| <= 9), |A| <= 6 (|D| <= 8); and grand twenty-two lag rigidity synthesis	Recaman/TwentyTwoLagRigidity.lean	Recaman.TwentyTwoLagRigidity.p22_subtractions_bound;Recaman.TwentyTwoLagRigidity.p22_avoiding_size_le_eight;Recaman.TwentyTwoLagRigidity.p22_avoiding_size_cases;Recaman.TwentyTwoLagRigidity.p22_no_k_ge_nine_in_tight_le_eight;Recaman.TwentyTwoLagRigidity.p22_tight_quantum_level_le_three;Recaman.TwentyTwoLagRigidity.p22_tight_quantum_level_le_two_of_size_six;Recaman.TwentyTwoLagRigidity.p22_tight_quantum_level_le_one_of_size_four;Recaman.TwentyTwoLagRigidity.p22_avoiding_size_le_seven_of_D_le_nine;Recaman.TwentyTwoLagRigidity.p22_avoiding_size_le_six_of_D_le_eight;Recaman.TwentyTwoLagRigidity.grand_twenty_two_lag_rigidity_synthesis	A periodic word of period p <= 22 with positive signSum where |D| > 10, or a tight avoiding subset of size <= 8 containing a window covering >= 9 subtractions (lag >= 19), or an avoiding sublist of size > 8
E-252	PROVED-LEAN	issue #73, gate T6 (period 20 Gate T6 unconditional reductions and multi-tier capacity hierarchy)	Period 20 Gate T6 unconditional reductions and multi-tier capacity hierarchy: any tight avoiding subset of size <= 7 consisting purely of lag 3 AAS windows strictly avoids s*(u0) and survives deletion with zero loss; Gate T6 holds unconditionally on all avoiding sublists if tight avoiding sublists are lag 3 AAS; Gate T6 reduces entirely to tight avoiding sublists of size 3, 4, and 5 whenever |D| <= 7 or |U| <= 6; unconditional Gate T6 resolution when |U| <= 3 (tier 1) or |D| <= 4 (tier 2); Gate T6 reduction to tight triples when |U| <= 4 (tier 3) or |D| <= 5 (tier 4); and master synthesis for period 20 unconditional Gate T6 reductions	Recaman/TwentyGateT6Unconditional.lean	Recaman.TwentyGateT6Unconditional.p20_tight_all_aas_avoids_s_star;Recaman.TwentyGateT6Unconditional.p20_tight_all_aas_survives;Recaman.TwentyGateT6Unconditional.p20_gate_t6_of_all_aas_tight;Recaman.TwentyGateT6Unconditional.p20_gate_t6_of_D_le_seven_and_triples_quads_quints;Recaman.TwentyGateT6Unconditional.p20_gate_t6_of_U_le_six_and_triples_quads_quints;Recaman.TwentyGateT6Unconditional.p20_capacity_tier_one;Recaman.TwentyGateT6Unconditional.p20_capacity_tier_two;Recaman.TwentyGateT6Unconditional.p20_capacity_tier_three;Recaman.TwentyGateT6Unconditional.p20_capacity_tier_four;Recaman.TwentyGateT6Unconditional.grand_twenty_gate_t6_unconditional_synthesis	A periodic word of period p <= 20 with positive slack where an avoiding sublist of size <= 7 of lag 3 AAS windows fails to survive deletion of s*(u0), or where Gate T6 fails under the stated capacity conditions
E-251	PROVED-LEAN	issue #73, gate T6 (period 20 Gate T6 multi-tier reduction and resolution)	Period 20 Gate T6 multi-tier reduction and resolution: tight avoiding sublists of size <= 2 survive deletion unconditionally; tight avoiding sublists of size 3, 4, 5, 6, 7 strictly survive deletion whenever s*(u0) is not in their neighborhood; all avoiding sublists survive deletion if tight avoiding sublists of size 3, 4, 5, 6, 7 avoid s*(u0); unconditional survival whenever |U| <= 3 or |D| <= 4; complete reduction to tight triples of size 3 whenever |U| <= 4 or |D| <= 5; and grand twenty Gate T6 resolution synthesis	Recaman/TwentyGateT6Resolution.lean	Recaman.TwentyGateT6Resolution.p20_tight_size_two_survives;Recaman.TwentyGateT6Resolution.p20_tight_triple_survives_of_not_mem;Recaman.TwentyGateT6Resolution.p20_tight_quad_survives_of_not_mem;Recaman.TwentyGateT6Resolution.p20_tight_quint_survives_of_not_mem;Recaman.TwentyGateT6Resolution.p20_tight_sext_survives_of_not_mem;Recaman.TwentyGateT6Resolution.p20_tight_sept_survives_of_not_mem;Recaman.TwentyGateT6Resolution.p20_avoiding_sublist_survives_of_tight_avoidance;Recaman.TwentyGateT6Resolution.p20_avoiding_sublists_survive_unconditional_of_U_le_three;Recaman.TwentyGateT6Resolution.p20_avoiding_sublists_survive_unconditional_of_D_le_four;Recaman.TwentyGateT6Resolution.p20_gate_t6_of_U_le_four_and_triples;Recaman.TwentyGateT6Resolution.p20_gate_t6_of_D_le_five_and_triples;Recaman.TwentyGateT6Resolution.grand_twenty_gate_t6_resolution_synthesis	A periodic word of period p <= 20 with positive slack where an avoiding sublist of size <= 2 fails to survive deletion of s*(u0), or where Gate T6 fails on some sublist of U
E-250	PROVED-LEAN	issue #73, gate T6 (quantum lag bounds and capacity rigidity for periods p <= 20)	Quantum lag bounds and capacity rigidity for periods up to p <= 20: subtractions bound |D| <= 9 for p <= 20 under positive signSum; avoiding sublist size bound |A| <= 7 under positive slack; avoiding sublist size cases (|A| <= 2 or |A| = 3 or |A| = 4 or |A| = 5 or |A| = 6 or |A| = 7); exclusion of windows covering >= 8 subtractions (lag >= 19) from all tight avoiding subsets of size <= 7; quantum level bound m <= 3 (lag <= 15) for tight avoiding subsets of size <= 7; quantum level bound m <= 2 (lag <= 11) for tight avoiding subsets of size <= 6; quantum level bound m <= 1 (lag in {3, 7}) for tight avoiding subsets of size <= 4; capacity reductions to |A| <= 6 (|D| <= 8), |A| <= 5 (|D| <= 7); and grand twenty lag rigidity synthesis	Recaman/TwentyLagRigidity.lean	Recaman.TwentyLagRigidity.p20_subtractions_bound;Recaman.TwentyLagRigidity.p20_avoiding_size_le_seven;Recaman.TwentyLagRigidity.p20_avoiding_size_cases;Recaman.TwentyLagRigidity.p20_no_k_ge_eight_in_tight_le_seven;Recaman.TwentyLagRigidity.p20_tight_quantum_level_le_three;Recaman.TwentyLagRigidity.p20_tight_quantum_level_le_two_of_size_six;Recaman.TwentyLagRigidity.p20_tight_quantum_level_le_one_of_size_four;Recaman.TwentyLagRigidity.p20_avoiding_size_le_six_of_D_le_eight;Recaman.TwentyLagRigidity.p20_avoiding_size_le_five_of_D_le_seven;Recaman.TwentyLagRigidity.grand_twenty_lag_rigidity_synthesis	A periodic word of period p <= 20 with positive signSum where |D| > 9, or a tight avoiding subset of size <= 7 containing a window covering >= 8 subtractions (lag >= 19), or an avoiding sublist of size > 7
E-249	PROVED-LEAN	issue #73, gate T6 (master apex periodic rigidity and Gate T6 synthesis for p <= 18)	Master apex periodic rigidity and Gate T6 synthesis for p <= 18: complete 6-tier capacity stratification (p <= 7: |D| <= 3, |A| <= 1; p <= 10: |D| <= 4, |A| <= 2; p <= 12: |D| <= 5, |A| <= 3; p <= 14: |D| <= 6, |A| <= 4; p <= 16: |D| <= 7, |A| <= 5; p <= 18: |D| <= 8, |A| <= 6); quantum lag hierarchy (lags >= 15 excluded from size <= 6; lags >= 11 excluded from size <= 4; lag 3 only for size <= 2); universal survival of size <= 2 tight avoiding sublists; all-AAS tight survival up to size 6; unconditional Gate T6 when |U| <= 3 (tier 1) or |D| <= 4 (tier 2); Gate T6 reduction to tight triples when |U| <= 4 (tier 3) or |D| <= 5 (tier 4); Gate T6 reduction to tight triples and quadruples when |D| <= 6 or |U| <= 5 (tier 5); and grand apex period 18 synthesis	Recaman/GrandApexPeriodEighteenTheorem.lean	Recaman.GrandApexPeriodEighteenTheorem.apex18_capacity_stratification;Recaman.GrandApexPeriodEighteenTheorem.apex18_quantum_lag_hierarchy;Recaman.GrandApexPeriodEighteenTheorem.apex18_universal_size_two_survival;Recaman.GrandApexPeriodEighteenTheorem.apex18_all_aas_survival_up_to_six;Recaman.GrandApexPeriodEighteenTheorem.apex18_gate_t6_unconditional_tier_one;Recaman.GrandApexPeriodEighteenTheorem.apex18_gate_t6_unconditional_tier_two;Recaman.GrandApexPeriodEighteenTheorem.apex18_gate_t6_reduction_tier_three;Recaman.GrandApexPeriodEighteenTheorem.apex18_gate_t6_reduction_tier_four;Recaman.GrandApexPeriodEighteenTheorem.apex18_gate_t6_reduction_tier_five;Recaman.GrandApexPeriodEighteenTheorem.grand_apex_period_eighteen_synthesis	A periodic word of period p <= 18 with positive signSum and positive slack violating any of the 6 capacity tiers, or where an avoiding sublist of size <= 2 fails to survive deletion of s*(u0), or where Gate T6 fails under the stated conditions
E-248	PROVED-LEAN	issue #73, gate T6 (period 18 Gate T6 unconditional reductions and multi-tier capacity hierarchy)	Period 18 Gate T6 unconditional reductions and multi-tier capacity hierarchy: any tight avoiding subset of size <= 6 consisting purely of lag 3 AAS windows strictly avoids s*(u0) and survives deletion with zero loss; Gate T6 holds unconditionally on all avoiding sublists if tight avoiding sublists are lag 3 AAS; Gate T6 reduces entirely to tight avoiding sublists of size 3 and 4 whenever |D| <= 6 or |U| <= 5; unconditional Gate T6 resolution when |U| <= 3 (tier 1) or |D| <= 4 (tier 2); Gate T6 reduction to tight triples when |U| <= 4 (tier 3) or |D| <= 5 (tier 4); and master synthesis for period 18 unconditional Gate T6 reductions	Recaman/EighteenGateT6Unconditional.lean	Recaman.EighteenGateT6Unconditional.p18_tight_all_aas_avoids_s_star;Recaman.EighteenGateT6Unconditional.p18_tight_all_aas_survives;Recaman.EighteenGateT6Unconditional.p18_gate_t6_of_all_aas_tight;Recaman.EighteenGateT6Unconditional.p18_gate_t6_of_D_le_six_and_triples_quads;Recaman.EighteenGateT6Unconditional.p18_gate_t6_of_U_le_five_and_triples_quads;Recaman.EighteenGateT6Unconditional.p18_capacity_tier_one;Recaman.EighteenGateT6Unconditional.p18_capacity_tier_two;Recaman.EighteenGateT6Unconditional.p18_capacity_tier_three;Recaman.EighteenGateT6Unconditional.p18_capacity_tier_four;Recaman.EighteenGateT6Unconditional.grand_eighteen_gate_t6_unconditional_synthesis	A periodic word of period p <= 18 with positive slack where an avoiding sublist of size <= 6 of lag 3 AAS windows fails to survive deletion of s*(u0), or where Gate T6 fails under the stated capacity conditions
E-247	PROVED-LEAN	issue #73, gate T6 (period 18 Gate T6 multi-tier reduction and resolution)	Period 18 Gate T6 multi-tier reduction and resolution: tight avoiding sublists of size <= 2 survive deletion unconditionally; tight avoiding sublists of size 3, 4, 5, 6 strictly survive deletion whenever s*(u0) is not in their neighborhood; all avoiding sublists survive deletion if tight avoiding sublists of size 3, 4, 5, 6 avoid s*(u0); unconditional survival whenever |U| <= 3 or |D| <= 4; complete reduction to tight triples of size 3 whenever |U| <= 4 or |D| <= 5; and grand eighteen Gate T6 resolution synthesis	Recaman/EighteenGateT6Resolution.lean	Recaman.EighteenGateT6Resolution.p18_tight_size_two_survives;Recaman.EighteenGateT6Resolution.p18_tight_triple_survives_of_not_mem;Recaman.EighteenGateT6Resolution.p18_tight_quad_survives_of_not_mem;Recaman.EighteenGateT6Resolution.p18_tight_quint_survives_of_not_mem;Recaman.EighteenGateT6Resolution.p18_tight_sext_survives_of_not_mem;Recaman.EighteenGateT6Resolution.p18_avoiding_sublist_survives_of_tight_avoidance;Recaman.EighteenGateT6Resolution.p18_avoiding_sublists_survive_unconditional_of_U_le_three;Recaman.EighteenGateT6Resolution.p18_avoiding_sublists_survive_unconditional_of_D_le_four;Recaman.EighteenGateT6Resolution.p18_gate_t6_of_U_le_four_and_triples;Recaman.EighteenGateT6Resolution.p18_gate_t6_of_D_le_five_and_triples;Recaman.EighteenGateT6Resolution.grand_eighteen_gate_t6_resolution_synthesis	A periodic word of period p <= 18 with positive slack where an avoiding sublist of size <= 2 fails to survive deletion of s*(u0), or where Gate T6 fails on some sublist of U
E-246	PROVED-LEAN	issue #73, gate T6 (quantum lag bounds and capacity rigidity for periods p <= 18)	Quantum lag bounds and capacity rigidity for periods up to p <= 18: subtractions bound |D| <= 8 for p <= 18 under positive signSum; avoiding sublist size bound |A| <= 6 under positive slack; avoiding sublist size cases (|A| <= 2 or |A| = 3 or |A| = 4 or |A| = 5 or |A| = 6); exclusion of windows covering >= 7 subtractions (lag >= 15) from all tight avoiding subsets of size <= 6; quantum level bound m <= 2 (lag <= 11) for tight avoiding subsets of size <= 6; quantum level bound m <= 1 (lag in {3, 7}) for tight avoiding subsets of size <= 4; capacity reductions to |A| <= 5 (|D| <= 7), |A| <= 4 (|D| <= 6), |A| <= 3 (|D| <= 5); and grand eighteen lag rigidity synthesis	Recaman/EighteenLagRigidity.lean	Recaman.EighteenLagRigidity.p18_subtractions_bound;Recaman.EighteenLagRigidity.p18_avoiding_size_le_six;Recaman.EighteenLagRigidity.p18_avoiding_size_cases;Recaman.EighteenLagRigidity.p18_no_k_ge_seven_in_tight_le_six;Recaman.EighteenLagRigidity.p18_tight_quantum_level_le_two;Recaman.EighteenLagRigidity.p18_tight_quantum_level_le_one_of_size_four;Recaman.EighteenLagRigidity.p18_avoiding_size_le_five_of_D_le_seven;Recaman.EighteenLagRigidity.p18_avoiding_size_le_four_of_D_le_six;Recaman.EighteenLagRigidity.p18_avoiding_size_le_three_of_D_le_five;Recaman.EighteenLagRigidity.grand_eighteen_lag_rigidity_synthesis	A periodic word of period p <= 18 with positive signSum where |D| > 8, or a tight avoiding subset of size <= 6 containing a window covering >= 7 subtractions, or an avoiding sublist of size > 6
E-245	PROVED-LEAN	issue #73, gate T6 (period 16 Gate T6 multi-tier reduction and resolution)	Period 16 Gate T6 multi-tier reduction and resolution: tight avoiding sublists of size <= 2 survive deletion unconditionally; tight avoiding sublists of size 3, 4, 5 strictly survive deletion whenever s*(u0) is not in their neighborhood; all avoiding sublists survive deletion if tight avoiding sublists of size 3, 4, 5 avoid s*(u0); unconditional survival whenever |U| <= 3 or |D| <= 4; complete reduction to tight triples of size 3 whenever |U| <= 4 or |D| <= 5; and grand sixteen Gate T6 resolution synthesis	Recaman/SixteenGateT6Resolution.lean	Recaman.SixteenGateT6Resolution.p16_tight_size_two_survives;Recaman.SixteenGateT6Resolution.p16_tight_triple_survives_of_not_mem;Recaman.SixteenGateT6Resolution.p16_tight_quad_survives_of_not_mem;Recaman.SixteenGateT6Resolution.p16_tight_quint_survives_of_not_mem;Recaman.SixteenGateT6Resolution.p16_avoiding_sublist_survives_of_tight_avoidance;Recaman.SixteenGateT6Resolution.p16_avoiding_sublists_survive_unconditional_of_U_le_three;Recaman.SixteenGateT6Resolution.p16_avoiding_sublists_survive_unconditional_of_D_le_four;Recaman.SixteenGateT6Resolution.p16_gate_t6_of_U_le_four_and_triples;Recaman.SixteenGateT6Resolution.p16_gate_t6_of_D_le_five_and_triples;Recaman.SixteenGateT6Resolution.grand_sixteen_gate_t6_resolution_synthesis	A periodic word of period p <= 16 with positive slack where an avoiding sublist of size <= 2 fails to survive deletion of s*(u0), or where Gate T6 fails on some sublist of U
E-244	PROVED-LEAN	issue #73, gate T6 (quantum lag bounds and capacity rigidity for periods p <= 16)	Quantum lag bounds and capacity rigidity for periods up to p <= 16: subtractions bound |D| <= 7 for p <= 16 under positive signSum; avoiding sublist size bound |A| <= 5 under positive slack; avoiding sublist size cases (|A| <= 2 or |A| = 3 or |A| = 4 or |A| = 5); exclusion of windows covering >= 7 subtractions (lag >= 15) from all tight avoiding subsets of size <= 5; quantum level bound m <= 2 (lag <= 11) for tight avoiding subsets of size <= 5; quantum level bound m <= 1 (lag in {3, 7}) for tight avoiding subsets of size <= 4; capacity reductions to |A| <= 4 (|D| <= 6), |A| <= 3 (|D| <= 5), |A| <= 2 (|D| <= 4); and grand sixteen lag rigidity synthesis	Recaman/SixteenLagRigidity.lean	Recaman.SixteenLagRigidity.p16_subtractions_bound;Recaman.SixteenLagRigidity.p16_avoiding_size_le_five;Recaman.SixteenLagRigidity.p16_avoiding_size_cases;Recaman.SixteenLagRigidity.p16_no_k_ge_seven_in_tight;Recaman.SixteenLagRigidity.p16_tight_quantum_level_le_two;Recaman.SixteenLagRigidity.p16_tight_quantum_level_le_one_of_size_four;Recaman.SixteenLagRigidity.p16_avoiding_size_le_four_of_D_le_six;Recaman.SixteenLagRigidity.p16_avoiding_size_le_three_of_D_le_five;Recaman.SixteenLagRigidity.p16_avoiding_size_le_two_of_D_le_four;Recaman.SixteenLagRigidity.grand_sixteen_lag_rigidity_synthesis	A periodic word of period p <= 16 with positive signSum where |D| > 7, or a tight avoiding subset of size <= 5 containing a window covering >= 7 subtractions, or an avoiding sublist of size > 5
E-243	PROVED-LEAN	issue #73, gate T6 (period 14 Gate T6 unconditional reductions and capacity hierarchy)	Period 14 Gate T6 unconditional reductions and capacity hierarchy: minimal SS=2 donors with lag < 15 in 11 < p <= 14 are strictly non-wrapping with lag = 11; tight triples consisting purely of lag 3 AAS windows strictly avoid s*(u0) and survive deletion with zero loss; Gate T6 holds unconditionally on all avoiding sublists if tight triples and quads are lag 3 AAS; Gate T6 reduces unconditionally to AAS tight triples whenever |U| <= 4 or |D| <= 5; unconditional Gate T6 resolution whenever |U| <= 3 (tier 1) or |D| <= 4 (tier 2); 4-tier avoiding size hierarchy (|D| <= 3, 4, 5, 6 implies |A| <= 1, 2, 3, 4); and master synthesis for period 14 unconditional Gate T6 reductions	Recaman/FourteenGateT6Unconditional.lean	Recaman.FourteenGateT6Unconditional.ss2_donor_nonwrapping_p12_to_p14;Recaman.FourteenGateT6Unconditional.p14_all_aas_tight_triple_avoids;Recaman.FourteenGateT6Unconditional.p14_all_aas_tight_triple_survives;Recaman.FourteenGateT6Unconditional.p14_gate_t6_of_triples_and_quads_aas;Recaman.FourteenGateT6Unconditional.p14_gate_t6_of_triples_aas_when_U_le_four;Recaman.FourteenGateT6Unconditional.p14_gate_t6_of_triples_aas_when_D_le_five;Recaman.FourteenGateT6Unconditional.p14_capacity_reduction_tier_one;Recaman.FourteenGateT6Unconditional.p14_capacity_reduction_tier_two;Recaman.FourteenGateT6Unconditional.p14_avoiding_size_hierarchy;Recaman.FourteenGateT6Unconditional.grand_fourteen_gate_t6_unconditional_synthesis	A periodic word of period 11 < p <= 14 having a wrapping minimal SS=2 donor with lag < 15, or a tight avoiding triple of lag 3 AAS windows failing to survive deletion of s*(u0), or a failure of the 4-tier avoiding size hierarchy
E-242	PROVED-LEAN	issue #73, gate T6 (tight quadruple rigidity and Gate T6 capacity reduction for p <= 14)	Tight quadruple rigidity and Gate T6 capacity reduction for p <= 14: any tight avoiding quadruple of size 4 consisting purely of lag 3 AAS windows strictly avoids s*(u0) and survives deletion with zero loss; any tight avoiding quadruple of size 4 strictly survives deletion whenever s*(u0) is not in its neighborhood; any avoiding sublist satisfies |A| <= 3 whenever |U| <= 4 or |D| <= 5 (no avoiding quadruples can exist); Gate T6 reduces entirely to tight triples of size 3 whenever |U| <= 4 or |D| <= 5; any element with lag 7 in a tight quadruple has an individual neighborhood of size >= 3 contained in N(A); complete Gate T6 reduction to tight triples and quadruples in p <= 14; and master synthesis for tight quadruple rigidity	Recaman/TightQuadRigidity.lean	Recaman.TightQuadRigidity.tight_quad_all_aas_avoids_s_star;Recaman.TightQuadRigidity.tight_quad_all_aas_survives;Recaman.TightQuadRigidity.tight_quad_survives_of_not_mem;Recaman.TightQuadRigidity.avoiding_size_le_three_of_U_le_four;Recaman.TightQuadRigidity.avoiding_size_le_three_of_D_le_five;Recaman.TightQuadRigidity.p14_gate_t6_of_U_le_four_and_triples;Recaman.TightQuadRigidity.p14_gate_t6_of_D_le_five_and_triples;Recaman.TightQuadRigidity.tight_quad_lag7_neighborhood_ge_three;Recaman.TightQuadRigidity.p14_gate_t6_complete_quad_reduction;Recaman.TightQuadRigidity.grand_tight_quad_rigidity_synthesis	A periodic word with positive slack having |U| <= 4 or |D| <= 5 where an avoiding sublist has |A| > 3, or a tight avoiding quadruple of lag 3 AAS windows failing to survive deletion of s*(u0)
E-241	PROVED-LEAN	issue #73, gate T6 (period 14 Gate T6 resolution and multi-tier avoiding reduction)	Period 14 Gate T6 resolution and multi-tier avoiding reduction: in any periodic word of period p <= 14 with positive signSum and positive slack, any avoiding sublist satisfies |A| <= 2 or |A| = 3 or |A| = 4; any tight avoiding sublist of size <= 2 strictly survives deletion of s*(u0) unconditionally; tight triples of size 3 and tight quadruples of size 4 strictly survive whenever s*(u0) is not in their neighborhood; all avoiding sublists survive if tight avoiding sublists of size 3 and 4 avoid s*(u0); avoiding size is bounded by 3 when |D| <= 5 and bounded by 2 when |D| <= 4; unconditional survival of all avoiding sublists when |D| <= 4 or |U| <= 3; and grand fourteen Gate T6 resolution synthesis	Recaman/FourteenGateT6Resolution.lean	Recaman.FourteenGateT6Resolution.p14_avoiding_size_cases;Recaman.FourteenGateT6Resolution.p14_tight_size_two_survives;Recaman.FourteenGateT6Resolution.p14_tight_triple_survives_of_not_mem;Recaman.FourteenGateT6Resolution.p14_tight_quad_survives_of_not_mem;Recaman.FourteenGateT6Resolution.p14_avoiding_sublist_survives_of_tight_avoidance;Recaman.FourteenGateT6Resolution.p14_avoiding_size_le_three_of_D_le_five;Recaman.FourteenGateT6Resolution.p14_avoiding_size_le_two_of_D_le_four;Recaman.FourteenGateT6Resolution.p14_avoiding_sublists_survive_unconditional_of_D_le_four;Recaman.FourteenGateT6Resolution.p14_avoiding_sublists_survive_unconditional_of_U_le_three;Recaman.FourteenGateT6Resolution.grand_fourteen_gate_t6_resolution_synthesis	A periodic word of period p <= 14 with positive slack where an avoiding sublist has |A| > 4, or where an avoiding sublist of size <= 2 fails to survive deletion of s*(u0), or where Gate T6 fails on some sublist of U
E-240	PROVED-LEAN	issue #73, gate T6 (refutation of general lag 3 forcing via period 18 certificate)	Refutation of general lag 3 forcing via period 18 certificate: in the period 18 word AAAASSAAAASAAASASS, there exists a tight avoiding subset of size 4 with a lag 7 window (phase 11) avoiding the SS=2 donor phase 7 with positive slack, yet Gate T6 conclusion strictly survives (s*(7) = 14 is uncovered by N(A)); proving that lag 3 forcing does not generalize while Gate T6 deletability is preserved	Recaman/TightAvoidingLagCertificate.lean	Recaman.TightAvoidingLagCertificate.A18_windows;Recaman.TightAvoidingLagCertificate.A18_tight;Recaman.TightAvoidingLagCertificate.donor_valid;Recaman.TightAvoidingLagCertificate.avoiding_and_slack;Recaman.TightAvoidingLagCertificate.donated_subtraction_uncovered;Recaman.TightAvoidingLagCertificate.lag_not_forced_to_three;Recaman.TightAvoidingLagCertificate.lag_three_forcing_fails_at_period_18	A proof that lag 3 forcing holds for all periods p without restriction, or a failure of Hall preservation on the period 18 witness
E-239	PROVED-LEAN	issue #73, gate T6 (non-wrapping donor exclusion and master Gate T6 resolution for p <= 12)	Non-wrapping minimal SS=2 donor exclusion for p <= 11 and master Gate T6 resolution for p <= 12: exact geometric impossibility of non-wrapping minimal SS=2 donors in p <= 11; universal survival of size <= 2 tight avoiding subsets across all periods; tight triples of size 3 consisting of lag 3 AAS windows strictly survive; tight triples containing a lag 7 window survive whenever s*(u0) is disjoint from the lag 7 neighborhood; all avoiding sublists in p <= 12 survive if tight triples survive; complete tripartite resolution of Gate T6 for p <= 11; and master synthesis for period 12 Gate T6	Recaman/TwelveGateT6Unconditional.lean	Recaman.TwelveGateT6Unconditional.no_nonwrapping_ss2_donor_p11;Recaman.TwelveGateT6Unconditional.tight_avoiding_le_two_all_lag_three_general;Recaman.TwelveGateT6Unconditional.tight_avoiding_le_two_all_aas_general;Recaman.TwelveGateT6Unconditional.tight_avoiding_le_two_survives_general;Recaman.TwelveGateT6Unconditional.p12_tight_triple_all_aas_survives;Recaman.TwelveGateT6Unconditional.p12_tight_triple_survives_of_lag7_disjoint;Recaman.TwelveGateT6Unconditional.p12_avoiding_sublist_survives_of_tight_triples;Recaman.TwelveGateT6Unconditional.p11_gate_t6_complete_tripartite_resolution;Recaman.TwelveGateT6Unconditional.grand_twelve_gate_t6_unconditional_synthesis	A periodic word of period p <= 11 having a non-wrapping minimal SS=2 donor window with lag < p, or a periodic word of period p <= 12 where an avoiding sublist of size <= 2 fails to survive deletion of s*(u0)
E-238	PROVED-LEAN	issue #73, gate T6 (lag 7 neighborhood uniqueness and tight triple quantum rigidity)	Lag 7 neighborhood uniqueness and tight triple quantum rigidity: every length 7 P2 word has subtraction offset sum identically equal to 14; multiplication by 3 is residue-injective modulo 11, 13, and 14; in any tight subset A of size 3, at most one member can have lag 7 if no two elements achieve maximal individual neighborhood size 3; any tight triple in p <= 14 with at most one lag 7 member contains at least two distinct lag 3 members; both lag 3 AAS endpoint phases belong to N(A) and strictly avoid s*(u0); and master synthesis for lag 7 neighborhood rigidity and tight triple quantum bounds	Recaman/LagSevenNeighborhoodRigidity.lean	Recaman.LagSevenNeighborhoodRigidity.lag7_p2_offset_sum_fourteen;Recaman.LagSevenNeighborhoodRigidity.subOffsetSum_eq_fourteen_of_p2;Recaman.LagSevenNeighborhoodRigidity.lag7_past_offset_sum_fourteen;Recaman.LagSevenNeighborhoodRigidity.coprime_three_injective_p11;Recaman.LagSevenNeighborhoodRigidity.coprime_three_injective_p13;Recaman.LagSevenNeighborhoodRigidity.coprime_three_injective_p14;Recaman.LagSevenNeighborhoodRigidity.tight_triple_at_most_one_lag_seven_of_no_both_three;Recaman.LagSevenNeighborhoodRigidity.tight_triple_lag_three_count_ge_two;Recaman.LagSevenNeighborhoodRigidity.tight_triple_retains_two_phases;Recaman.LagSevenNeighborhoodRigidity.grand_lag_seven_neighborhood_rigidity_synthesis	A length 7 P2 word whose subtraction offset sum is not 14, or a tight triple in p <= 14 with at most one lag 7 window containing fewer than two lag 3 members
E-237	PROVED-LEAN	issue #73, gate T6 (apex periodic rigidity and Gate T6 resolution synthesis)	Master apex periodic rigidity theorem: unifies the 4-tier capacity stratification (p <= 7, 10, 12, 14), quantum lag bounds (m <= 1, lags in {3, 7}), unconditional Gate T6 solutions for p <= 10, p <= 11 with |U| <= 3 or |D| <= 4, and structural decomposition of tight triples of size 3	Recaman/ApexPeriodicRigidityTheorem.lean	Recaman.ApexPeriodicRigidityTheorem.apex_capacity_stratification_p14;Recaman.ApexPeriodicRigidityTheorem.apex_tight_lag_exclusion_p14;Recaman.ApexPeriodicRigidityTheorem.apex_gate_t6_unconditional_p10;Recaman.ApexPeriodicRigidityTheorem.apex_gate_t6_unconditional_U_le_three;Recaman.ApexPeriodicRigidityTheorem.apex_gate_t6_unconditional_D_le_four;Recaman.ApexPeriodicRigidityTheorem.apex_size_three_structural_decomposition;Recaman.ApexPeriodicRigidityTheorem.grand_apex_periodic_rigidity_synthesis	A periodic word of period p <= 14 with positive slack where Gate T6 fails on some sublist of U, or where a tight avoiding subset violates the capacity hierarchy
E-236	PROVED-LEAN	issue #73, gate T6 (structural decomposition of tight avoiding subsets of size 3)	Structural decomposition of tight avoiding subsets of size 3: in any tight subset A of size 3, any two elements with lag 7 must share identical individual neighborhoods equal to N(A); any member with lag 3 AAS has its endpoint phase in N(A); the donated subtraction s*(u0) of any SS=2 donor with lag < 15 is strictly disjoint from all lag 3 AAS endpoints in A; if s*(u0) does not belong to N(A), Hall's condition is strictly preserved on A; and master synthesis theorem for size 3 tight rigidity	Recaman/TightTripleRigidity.lean	Recaman.TightTripleRigidity.tight_triple_two_lag_seven_identical_neighborhoods;Recaman.TightTripleRigidity.aas_endpoint_mem_neighborhood;Recaman.TightTripleRigidity.ss2_donor_disjoint_from_aas_endpoint;Recaman.TightTripleRigidity.tight_triple_survives_of_s_not_mem;Recaman.TightTripleRigidity.grand_tight_triple_rigidity_synthesis	A periodic word with positive slack containing a tight subset of size 3 where two elements with lag 7 have non-identical neighborhoods, or where s*(u0) collides with a lag 3 AAS endpoint
E-235	PROVED-LEAN	issue #73, gate T6 (period 12 Gate T6 resolution and size-3 reduction)	Period 12 Gate T6 resolution and size-3 reduction: in any periodic word of period p <= 12 with positive signSum and positive slack, any avoiding sublist has size |A| <= 3; any avoiding sublist satisfies |A| <= 2 or |A| = 3; in period p <= 11, if tight avoiding sublists of size 3 survive deletion of s*(u0), then Gate T6 holds unconditionally on all sublists of U; unconditional resolution of Gate T6 whenever |U| <= 3 for p <= 11; unconditional resolution of Gate T6 whenever |D| <= 4 for p <= 11; and grand twelve Gate T6 resolution synthesis	Recaman/TwelveGateT6Resolution.lean	Recaman.TwelveGateT6Resolution.p12_tight_avoiding_size_le_three;Recaman.TwelveGateT6Resolution.p12_avoiding_size_cases;Recaman.TwelveGateT6Resolution.p11_gate_t6_of_size_three_survives;Recaman.TwelveGateT6Resolution.p12_gate_t6_of_U_le_three;Recaman.TwelveGateT6Resolution.p12_gate_t6_of_D_le_four;Recaman.TwelveGateT6Resolution.grand_twelve_gate_t6_resolution	A periodic word of period p <= 12 with positive slack where an avoiding sublist has |A| > 3, or where Gate T6 fails on some sublist of U
E-234	PROVED-LEAN	issue #73, gate T6 (quantum lag bounds and capacity rigidity for periods p <= 14)	Quantum lag bounds and capacity rigidity for periods up to p <= 14: subtractions bound |D| <= 6 for p <= 14 and |D| <= 5 for p <= 12 under positive signSum; avoiding sublist size bound |A| <= 4 for p <= 14 and |A| <= 3 for p <= 12 under positive slack; exclusion of windows covering >= 5 subtractions from all tight avoiding subsets for p <= 14; quantum level bound m <= 1 (lags in {3, 7}) for tight avoiding subsets of size <= 4; Gate T6 unconditional resolution for |U| <= 3; Gate T6 resolution when tight avoiding subsets are lag 3 AAS; and grand fourteen lag rigidity synthesis	Recaman/FourteenLagRigidity.lean	Recaman.FourteenLagRigidity.p14_subtractions_bound;Recaman.FourteenLagRigidity.p12_subtractions_bound;Recaman.FourteenLagRigidity.p14_avoiding_size_le_four;Recaman.FourteenLagRigidity.p12_avoiding_size_le_three;Recaman.FourteenLagRigidity.p14_no_k_ge_five_in_tight;Recaman.FourteenLagRigidity.p14_tight_quantum_level_le_one;Recaman.FourteenLagRigidity.p12_gate_t6_of_U_le_three;Recaman.FourteenLagRigidity.p12_gate_t6_of_tight_all_aas;Recaman.FourteenLagRigidity.grand_fourteen_lag_rigidity_synthesis	A periodic word of period p <= 14 with positive signSum where |D| > 6, or a tight avoiding subset of size <= 4 containing a window covering >= 5 subtractions
E-233	PROVED-LEAN	issue #73, gate T6 (all-size AAS tight survival and tripartite Gate T6 synthesis for p <= 11)	All-size AAS tight survival and tripartite Gate T6 synthesis for period p <= 11: any tight avoiding subset of arbitrary size consisting of lag 3 AAS windows strictly avoids the donated subtraction s*(u0) and survives deletion with zero loss; any avoiding subset with local slack strictly survives deletion of any subtraction; any sublist containing the donating window u0 strictly survives deletion by capacity slack compensation; if all tight avoiding sublists of U are lag 3 AAS, then Gate T6 holds unconditionally on all sublists of U; any tight avoiding sublist of size 3 consisting of lag 3 AAS windows strictly survives deletion of s*(u0); and master tripartite synthesis for period p <= 11	Recaman/ElevenGateT6Synthesis.lean	Recaman.ElevenGateT6Synthesis.all_aas_tight_avoids_ss2_donation;Recaman.ElevenGateT6Synthesis.all_aas_tight_survives_ss2_donation;Recaman.ElevenGateT6Synthesis.slack_avoiding_survives_deletion;Recaman.ElevenGateT6Synthesis.donor_containing_survives_deletion;Recaman.ElevenGateT6Synthesis.p11_gate_t6_of_all_aas_tight;Recaman.ElevenGateT6Synthesis.p11_tight_avoiding_size_three_aas_survives;Recaman.ElevenGateT6Synthesis.grand_eleven_gate_t6_synthesis	A periodic word of period p <= 11 with positive slack where a tight avoiding subset of lag 3 AAS windows collides with s*(u0), or where Gate T6 fails on some sublist of U
E-232	PROVED-LEAN	issue #73, gate T6 (eleven capacity rigidity and Gate T6 resolution for p <= 11)	Tight avoiding rigidity and Gate T6 resolution for period p <= 11: any tight avoiding subset of size <= 2 has all lags equal to 3; tight avoiding subsets of size <= 2 are purely AAS; tight avoiding subsets of size <= 2 survive deletion of s*(u0); Gate T6 is unconditionally resolved for all periodic words of period p <= 11 with supply |U| <= 3; Gate T6 is unconditionally resolved for all periodic words of period p <= 11 with |D| <= 4; Gate T6 is unconditionally resolved when high-SS windows force |U| <= 3; and grand eleven capacity rigidity synthesis	Recaman/ElevenCapacityRigidity.lean	Recaman.ElevenCapacityRigidity.p11_tight_avoiding_le_two_all_lag_three;Recaman.ElevenCapacityRigidity.p11_tight_avoiding_le_two_all_aas;Recaman.ElevenCapacityRigidity.p11_tight_avoiding_le_two_survives;Recaman.ElevenCapacityRigidity.p11_gate_t6_of_U_le_three;Recaman.ElevenCapacityRigidity.p11_gate_t6_of_D_le_four;Recaman.ElevenCapacityRigidity.p11_gate_t6_of_capacity_le_three;Recaman.ElevenCapacityRigidity.grand_eleven_capacity_rigidity_synthesis	A periodic word of period p <= 11 with |U| <= 3 where the donated subtraction s*(u0) fails to preserve Hall's condition on some sublist of U, or a tight avoiding subset of size <= 2 containing a window of lag != 3
E-231	PROVED-LEAN	issue #73, gate T6 (grand periodic deletability synthesis: unconditional closure for p <= 10 and hierarchy)	Master synthesis of Gate T6 deletability across the periodic hierarchy: unconditional closure of Gate T6 for all periodic words of period p <= 10 with positive signSum and positive slack; tight avoiding subsets are unconditionally forced to lag 3 AAS windows; lag 7 windows are strictly excluded from all tight avoiding subsets for p <= 10; Hall's marriage condition is universally preserved on all sublists of U after deleting s*(u0); and complete reduction of Gate T6 deletability to tight low-SS avoiding sublists for p <= 11	Recaman/GrandPeriodicDeletabilityTheorem.lean	Recaman.GrandPeriodicDeletabilityTheorem.apex_gate_t6_unconditional_p10;Recaman.GrandPeriodicDeletabilityTheorem.apex_tight_avoiding_all_aas_p10;Recaman.GrandPeriodicDeletabilityTheorem.apex_no_lag_seven_in_tight_p10;Recaman.GrandPeriodicDeletabilityTheorem.apex_gate_t6_hall_preservation_p10;Recaman.GrandPeriodicDeletabilityTheorem.grand_periodic_deletability_synthesis	A periodic word of period p <= 10 with positive slack where the donated subtraction s*(u0) fails to preserve Hall's condition on some sublist of U
E-230	PROVED-LEAN	issue #73, gate T6 (unconditional resolution of Gate T6 deletability for all periods p <= 10)	Unconditional resolution of Gate T6 (deletability of donated subtraction s*(u0) and universal Hall preservation) for all periodic words of period p <= 10: any non-wrapping lag 7 window (7 < p) covers at least 3 distinct subtraction phases in its neighborhood (|N([u])| >= 3); because tight subsets avoiding u0 have size |A| <= 2 for p <= 10, lag 7 windows are strictly excluded; tight avoiding subsets are unconditionally forced to lag 3 AAS windows (lag <= 5, lag = 3, AAS); donated subtraction s*(u0) is provably disjoint from all tight neighborhoods; and Hall's condition is universally preserved on all sublists of U without any auxiliary lag hypotheses	Recaman/TenGateT6Resolution.lean	Recaman.TenGateT6Resolution.past_seven;Recaman.TenGateT6Resolution.p2_lag_seven_three_subtractions;Recaman.TenGateT6Resolution.subPhaseOfIndex_eq;Recaman.TenGateT6Resolution.subPhaseOfIndex_lt;Recaman.TenGateT6Resolution.subPhaseOfIndex_inj;Recaman.TenGateT6Resolution.subPhaseOfIndex_mem_neighborhood;Recaman.TenGateT6Resolution.lag_seven_neighborhood_ge_three;Recaman.TenGateT6Resolution.no_lag_seven_in_tight_avoiding_p10;Recaman.TenGateT6Resolution.tight_avoiding_lags_le_five_p10;Recaman.TenGateT6Resolution.tight_avoiding_all_lag_three_p10;Recaman.TenGateT6Resolution.tight_avoiding_all_aas_p10;Recaman.TenGateT6Resolution.p10_universal_gate_t6_deletability_unconditional;Recaman.TenGateT6Resolution.p10_universal_gate_t6_hall_preservation_unconditional;Recaman.TenGateT6Resolution.grand_ten_gate_t6_closure	A periodic word of period p <= 10 with positive slack where the donated subtraction s*(u0) fails to preserve Hall's condition on some sublist of U, or where a tight avoiding subset contains a window of lag >= 7
E-229	PROVED-LEAN	issue #73, gate T6 (discrete quantum formulas for additions, subtractions, and surplus in P2 words)	Exact closed-form algebraic formulas for additions, subtractions, and donation surplus for any P2 word of length 4*m + 3: ones(w) = 2*m + 2, subtractions = 2*m + 1, and internal subtraction surplus = 2*m; concrete evaluations for quantum levels m = 0, 1, 2, 3, 4 (lag 3 has 2 additions, 1 subtraction, surplus 0; lag 7 has 4 additions, 3 subtractions, surplus 2; lag 11 has 6 additions, 5 subtractions, surplus 4; lag 15 has 8 additions, 7 subtractions, surplus 6; lag 19 has 10 additions, 9 subtractions, surplus 8); tight size bound 2*m + 1 <= |A| for any member window covering at least 2*m + 1 subtractions; and tight size <= 2 forces level m = 0 (forcing lag 3)	Recaman/QuantumP2Arithmetic.lean	Recaman.QuantumP2Arithmetic.p2_ones_eq_two_m_plus_two;Recaman.QuantumP2Arithmetic.p2_subtractions_eq_two_m_plus_one;Recaman.QuantumP2Arithmetic.p2_subtraction_surplus_eq_two_m;Recaman.QuantumP2Arithmetic.quantum_level_zero_values;Recaman.QuantumP2Arithmetic.quantum_level_one_values;Recaman.QuantumP2Arithmetic.quantum_level_two_values;Recaman.QuantumP2Arithmetic.quantum_level_three_values;Recaman.QuantumP2Arithmetic.quantum_level_four_values;Recaman.QuantumP2Arithmetic.tight_size_forces_quantum_level_bound;Recaman.QuantumP2Arithmetic.tight_size_le_two_forces_level_zero;Recaman.QuantumP2Arithmetic.grand_quantum_p2_arithmetic_synthesis	A P2 word of length 4*m + 3 whose number of additions is not 2*m + 2 or subtractions not 2*m + 1, or a tight subset of size <= 2 containing a window of level m >= 1
E-228	PROVED-LEAN	issue #73, gate T6 (master synthesis of multi-tier capacity and deficit hierarchy)	Master synthesis of the multi-tier capacity and deficit hierarchy spanning all 4 quantum tiers (L <= 7, L <= 11, L < 15, L < 19): Tier 1 (|U7| <= |D|) and Tier 2 (|U7 u U11min| <= |D|) bounds hold unconditionally for all periods; Tier 3 (slack >= n2 + 2*n3) and Tier 4 (slack >= n2 + 2*n3 + 3*n4 + 4*n5) provide strict deficit buffers; any high-SS window forces slack >= 1; multiple high-SS windows force cumulative buffers (two SS=3 force slack >= 4, two SS=5 force slack >= 8); saturated supplies (|U| = |D|) are strictly purified to low-SS windows; and global capacity |U| <= |D| across all tiers below lag 19 reduces unconditionally to the low-SS capacity problem	Recaman/StratifiedCapacityHierarchy.lean	Recaman.StratifiedCapacityHierarchy.tier1_capacity_bound;Recaman.StratifiedCapacityHierarchy.tier2_capacity_bound;Recaman.StratifiedCapacityHierarchy.tier3_deficit_buffer;Recaman.StratifiedCapacityHierarchy.tier4_deficit_buffer;Recaman.StratifiedCapacityHierarchy.high_ss_forces_strict_deficit_hierarchy;Recaman.StratifiedCapacityHierarchy.super_high_ss_forces_higher_slack;Recaman.StratifiedCapacityHierarchy.two_high_ss_forces_double_slack;Recaman.StratifiedCapacityHierarchy.saturated_supply_pure_low_ss_hierarchy;Recaman.StratifiedCapacityHierarchy.global_capacity_reduction_principle;Recaman.StratifiedCapacityHierarchy.grand_stratified_capacity_synthesis	A periodic word where supplied additions below lag 19 exceed subtractions while low-SS additions satisfy capacity, or where a saturated supply below lag 19 contains an SS >= 2 window
E-227	PROVED-LEAN	issue #73, gate T6 (extremal periodic supply rigidity and pure low-SS purification)	Extremal periodic supplies |U| = |D| across periods p <= 19 are strictly purified to low-SS windows: under the 5-tier capacity inequality the counts of SS=2, SS=3, SS=4, SS=5 windows are identically zero; global slack is identically zero; for p <= 11, tight bottleneck subsets are purely low-SS (ssCount <= 1); for p <= 7, tight bottleneck subsets are purely clean AAS (lag = 3, ssCount = 0); for p <= 15, ssCount <= 3; for p <= 19, ssCount <= 5; and Hall's condition on extremal supplies is 100% governed by low-SS sublists for p <= 11 and clean AAS sublists for p <= 7	Recaman/ExtremalSupplyRigidity.lean	Recaman.ExtremalSupplyRigidity.extremal_supply_slack_zero;Recaman.ExtremalSupplyRigidity.extremal_five_tier_high_ss_zero;Recaman.ExtremalSupplyRigidity.extremal_four_tier_high_ss_zero;Recaman.ExtremalSupplyRigidity.extremal_two_tier_ss2_zero;Recaman.ExtremalSupplyRigidity.p11_tight_bottleneck_is_pure_low_ss;Recaman.ExtremalSupplyRigidity.p7_tight_bottleneck_is_pure_aas;Recaman.ExtremalSupplyRigidity.p15_tight_bottleneck_ss_le_three;Recaman.ExtremalSupplyRigidity.p19_tight_bottleneck_ss_le_five;Recaman.ExtremalSupplyRigidity.extremal_hall_governed_by_low_ss_p11;Recaman.ExtremalSupplyRigidity.extremal_hall_governed_by_clean_p7;Recaman.ExtremalSupplyRigidity.grand_extremal_supply_rigidity	An extremal periodic supply |U| = |D| below lag 19 containing an SS >= 2 window, or a tight bottleneck subset for p <= 11 containing an ssCount >= 2 window
E-226	PROVED-LEAN	issue #73, gate T6 (master synthesis of stratified bottlenecks, Hall reduction hierarchy, and Gate T6)	Master synthesis of the stratified hierarchy: for p <= 19, non-wrapping tight bottleneck lags are in {3, 7, 11, 15} and ssCount <= 5; for p <= 15, tight lags in {3, 7, 11} and ssCount <= 3; for p <= 11, tight lags in {3, 7} and ssCount <= 1; for p <= 7, tight lag = 3 and ssCount = 0 (clean AAS); Hall condition on U reduces unconditionally to low-SS subsets for p <= 11, and to clean AAS subsets for p <= 7; universal capacity slack compensation holds across all 4 tiers; Gate T6 is unconditionally resolved for all periodic words of period p <= 7; and Gate T6 deletability reduces 100% to tight low-SS avoiding subsets for all p <= 11	Recaman/GrandPeriodicBottleneckTheorem.lean	Recaman.GrandPeriodicBottleneckTheorem.apex_tight_lag_quantization_p19;Recaman.GrandPeriodicBottleneckTheorem.apex_tight_ss_bound_p19;Recaman.GrandPeriodicBottleneckTheorem.apex_tight_ss_bound_p15;Recaman.GrandPeriodicBottleneckTheorem.apex_tight_ss_bound_p11;Recaman.GrandPeriodicBottleneckTheorem.apex_tight_ss_zero_p7;Recaman.GrandPeriodicBottleneckTheorem.apex_hall_reduction_hierarchy_p11;Recaman.GrandPeriodicBottleneckTheorem.apex_hall_reduction_hierarchy_p7;Recaman.GrandPeriodicBottleneckTheorem.apex_slack_compensation_hierarchy_p11;Recaman.GrandPeriodicBottleneckTheorem.apex_gate_t6_unconditional_p7;Recaman.GrandPeriodicBottleneckTheorem.apex_gate_t6_complete_reduction_p11;Recaman.GrandPeriodicBottleneckTheorem.grand_periodic_bottleneck_synthesis	A periodic word of period p <= 19 where a non-wrapping tight bottleneck window has lag not in {3, 7, 11, 15} or ssCount > 5, or where Hall condition on U fails while holding on low-SS subsets for p <= 11
E-225	PROVED-LEAN	issue #73, gate T6 (universal Gate T6 closure and stratified deletability synthesis)	Unconditional resolution of Gate T6 for all periodic words of period p <= 7: every tight avoiding sublist consists exclusively of lag 3 AAS windows, the donated subtraction s*(u0) is provably disjoint from all endpoint phases and avoided by all tight sublists, subsets containing the donor survive deletion by slack compensation, non-tight subsets survive by slack, and Hall's condition is universally preserved; for all p <= 11, Gate T6 deletability reduces 100% to tight avoiding sublists, and tight avoiding sublists are strictly confined to low-SS (ssCount <= 1); complete resolution for p <= 10 when tight lags <= 5	Recaman/UniversalGateT6Closure.lean	Recaman.UniversalGateT6Closure.p11_gate_t6_donor_containing_sublists_survive;Recaman.UniversalGateT6Closure.p11_gate_t6_slack_sublists_survive;Recaman.UniversalGateT6Closure.p11_tight_avoiding_ss_le_one;Recaman.UniversalGateT6Closure.p7_tight_avoiding_all_lag_three_aas;Recaman.UniversalGateT6Closure.p7_ss2_donation_disjoint_from_tight;Recaman.UniversalGateT6Closure.p7_ss2_donation_avoids_tight;Recaman.UniversalGateT6Closure.p7_universal_gate_t6_hall_preservation;Recaman.UniversalGateT6Closure.p7_universal_gate_t6_deletability;Recaman.UniversalGateT6Closure.p10_universal_gate_t6_deletability_of_lag_le_five;Recaman.UniversalGateT6Closure.p11_gate_t6_tight_reduction;Recaman.UniversalGateT6Closure.grand_gate_t6_resolution	A periodic word of period p <= 7 with positive slack where the donated subtraction s*(u0) fails to preserve Hall's condition on some sublist of U
E-224	PROVED-LEAN	issue #73, gate T6 (slack compensation and universal deletion survival for high-SS windows)	Threshold high-SS windows provide sufficient internal slack to compensate for subtraction deletions: in period p <= 11, any subset containing an ssCount >= 2 window automatically survives the deletion of ANY subtraction s (|A| <= |N(A) \ {s}|); the same holds for p <= 7 (ssCount >= 1), p <= 15 (ssCount >= 4), and p <= 19 (ssCount >= 6); testing deletability of any subtraction reduces unconditionally to subsets avoiding the donor window	Recaman/CapacitySlackCompensation.lean	Recaman.CapacitySlackCompensation.high_ss_containing_subsets_survive_deletion_p11;Recaman.CapacitySlackCompensation.non_clean_containing_subsets_survive_deletion_p7;Recaman.CapacitySlackCompensation.ss_ge_four_containing_subsets_survive_deletion_p15;Recaman.CapacitySlackCompensation.ss_ge_six_containing_subsets_survive_deletion_p19;Recaman.CapacitySlackCompensation.deletability_reduced_to_avoiding_p11;Recaman.CapacitySlackCompensation.deletability_reduced_to_avoiding_p7;Recaman.CapacitySlackCompensation.deletability_reduced_to_avoiding_p15;Recaman.CapacitySlackCompensation.deletability_reduced_to_avoiding_p19;Recaman.CapacitySlackCompensation.universal_high_ss_deletion_criterion_p11;Recaman.CapacitySlackCompensation.grand_slack_compensation_synthesis	A periodic word with p <= 11 and positive slack where a subset containing an ssCount >= 2 window fails |A| <= |N(A) \ {s}| after deleting a subtraction s
E-223	PROVED-LEAN	issue #73, gate T6 (grand reduction of Hall condition to stratified low-SS subsets)	Hall condition on any periodic supply U (|U| <= |D|) reduces completely to low-SS subsets: for p <= 11, Hall on U is equivalent to Hall on low-SS subsets (ssCount <= 1); for p <= 7, Hall on U is equivalent to Hall on clean AAS subsets (ssCount = 0); for p <= 15, Hall on U is equivalent to Hall on ssCount <= 3 subsets; for p <= 19, Hall on U is equivalent to Hall on ssCount <= 5 subsets; any Hall failure witness is guaranteed to belong to these respective low-SS classes	Recaman/PeriodicHallReduction.lean	Recaman.PeriodicHallReduction.hall_reduction_to_clean_aas_p7;Recaman.PeriodicHallReduction.hall_reduction_to_low_ss_p11;Recaman.PeriodicHallReduction.hall_reduction_to_ss_le_three_p15;Recaman.PeriodicHallReduction.hall_reduction_to_ss_le_five_p19;Recaman.PeriodicHallReduction.hall_failure_witness_is_low_ss_p11;Recaman.PeriodicHallReduction.hall_failure_witness_is_clean_p7;Recaman.PeriodicHallReduction.hall_failure_witness_is_ss_le_three_p15;Recaman.PeriodicHallReduction.hall_failure_witness_is_ss_le_five_p19;Recaman.PeriodicHallReduction.hall_iff_low_ss_p11;Recaman.PeriodicHallReduction.hall_iff_clean_p7;Recaman.PeriodicHallReduction.hall_iff_ss_le_three_p15;Recaman.PeriodicHallReduction.hall_iff_ss_le_five_p19	A periodic word with |U| <= |D| and p <= 11 where Hall holds on low-SS subsets but fails on a subset containing an ssCount >= 2 window
E-222	PROVED-LEAN	issue #73, gate T6 (immunity of high-SS subsets to Hall condition failure)	In any periodic word where additions do not exceed subtractions (|U| <= |D|), subsets containing threshold high-SS windows are automatically immune to Hall condition failure (|N(A)| < |A|); any potential Hall failure subset is strictly localized to low-SS subsets: purely low-SS (ssCount <= 1) for p <= 11; purely clean AAS (ssCount = 0) for p <= 7; ssCount <= 3 for p <= 15; and ssCount <= 5 for p <= 19	Recaman/HallRobustnessTheorem.lean	Recaman.HallRobustnessTheorem.high_ss_subset_hall_satisfied_p11;Recaman.HallRobustnessTheorem.high_ss_subset_hall_strict_slack_p11;Recaman.HallRobustnessTheorem.hall_failure_excludes_high_ss_p11;Recaman.HallRobustnessTheorem.hall_failure_purely_low_ss_p11;Recaman.HallRobustnessTheorem.non_clean_subset_hall_satisfied_p7;Recaman.HallRobustnessTheorem.hall_failure_purely_clean_p7;Recaman.HallRobustnessTheorem.ss_ge_four_subset_hall_satisfied_p15;Recaman.HallRobustnessTheorem.hall_failure_excludes_ss_ge_four_p15;Recaman.HallRobustnessTheorem.hall_failure_ss_le_three_p15;Recaman.HallRobustnessTheorem.ss_ge_six_subset_hall_satisfied_p19;Recaman.HallRobustnessTheorem.hall_failure_excludes_ss_ge_six_p19;Recaman.HallRobustnessTheorem.hall_failure_ss_le_five_p19	A periodic word with |U| <= |D| and p <= 11 where a subset containing an ssCount >= 2 window fails Hall condition (|N(A)| < |A|)
E-221	PROVED-LEAN	issue #73, gate T6 (universal wrapping and maximal coverage of threshold high-SS windows)	Any P2 word with ssCount >= 2 has length >= 11, and any P2 word with ssCount >= 4 has length >= 15; in period p <= 11 every ssCount >= 2 window is a wrapping window (lag >= p); in period p <= 15 every ssCount >= 4 window is wrapping; in period p <= 19 every ssCount >= 6 window is wrapping; any subset containing a threshold high-SS window has full neighborhood N(A) = D, |N(A)| = |D|, and local slack |N(A)| - |A| >= |D| - |U|	Recaman/HighSSWrappingTheorem.lean	Recaman.HighSSWrappingTheorem.p2_ss_ge_two_lag_ge_eleven;Recaman.HighSSWrappingTheorem.p2_ss_ge_four_lag_ge_fifteen;Recaman.HighSSWrappingTheorem.high_ss_is_wrapping_p11;Recaman.HighSSWrappingTheorem.ss_ge_four_is_wrapping_p15;Recaman.HighSSWrappingTheorem.ss_ge_six_is_wrapping_p19;Recaman.HighSSWrappingTheorem.high_ss_covers_all_p11;Recaman.HighSSWrappingTheorem.high_ss_neighborhood_eq_D_p11;Recaman.HighSSWrappingTheorem.high_ss_subset_length_eq_D_p11;Recaman.HighSSWrappingTheorem.high_ss_slack_ge_global_slack_p11;Recaman.HighSSWrappingTheorem.high_ss_avoids_all_tight_p11;Recaman.HighSSWrappingTheorem.ss_ge_four_neighborhood_eq_D_p15;Recaman.HighSSWrappingTheorem.ss_ge_six_neighborhood_eq_D_p19	A P2 window with ssCount >= 2 and length < 11, or a period p <= 11 word where an ssCount >= 2 window has lag < p
E-220	PROVED-LEAN	issue #73, gate T6 (universal exclusion of high-SS windows from tight bottleneck subsets)	In any periodic word with positive slack, all subsets containing high-SS windows strictly expand and all tight bottleneck subsets are restricted to low-SS: for p <= 11, any subset with an ssCount >= 2 window has |A| < |N(A)|, no tight subset can contain any ssCount >= 2 window, and all tight subsets are purely low-SS (ssCount <= 1); for p <= 7, any subset with ssCount >= 1 strictly expands and tight subsets have ssCount = 0; for p <= 15, subsets with ssCount >= 4 strictly expand and tight subsets have ssCount <= 3; for p <= 19, subsets with ssCount >= 6 strictly expand and tight subsets have ssCount <= 5	Recaman/TightSubsetSSExclusion.lean	Recaman.TightSubsetSSExclusion.non_clean_subset_strictly_expands_p_le_seven;Recaman.TightSubsetSSExclusion.non_clean_not_in_tight_p_le_seven;Recaman.TightSubsetSSExclusion.tight_subsets_ss_zero_p_le_seven;Recaman.TightSubsetSSExclusion.high_ss_subset_strictly_expands_p_le_eleven;Recaman.TightSubsetSSExclusion.high_ss_not_in_tight_p_le_eleven;Recaman.TightSubsetSSExclusion.tight_subsets_purely_low_ss_p_le_eleven;Recaman.TightSubsetSSExclusion.ss_ge_four_subset_strictly_expands_p_le_fifteen;Recaman.TightSubsetSSExclusion.ss_ge_four_not_in_tight_p_le_fifteen;Recaman.TightSubsetSSExclusion.tight_subsets_ss_le_three_p_le_fifteen;Recaman.TightSubsetSSExclusion.ss_ge_six_subset_strictly_expands_p_le_nineteen;Recaman.TightSubsetSSExclusion.ss_ge_six_not_in_tight_p_le_nineteen;Recaman.TightSubsetSSExclusion.tight_subsets_ss_le_five_p_le_nineteen	A tight subset for p <= 11 containing an ssCount >= 2 window, or a subset containing an ssCount >= 2 window that fails to strictly expand in a positive-slack word
E-219	PROVED-LEAN	issue #73, gate T6 (universal tight bottleneck localization and SS exclusion by period)	Universal tight bottleneck localization across periods: for p <= 15 tight lags in {3, 7, 11}; for p <= 19 tight lags in {3, 7, 11, 15}; for p <= 23 tight lags in {3, 7, 11, 15, 19}; tight windows have ssCount = 0 for p <= 7 (clean AAS); tight windows have ssCount <= 1 for p <= 11 (excludes ssCount >= 2); tight windows have ssCount <= 3 for p <= 15 (excludes ssCount >= 4); tight windows have ssCount <= 5 for p <= 19 (excludes ssCount >= 6); tight subsets strictly exclude wrapping windows	Recaman/TightPeriodStratification.lean	Recaman.TightPeriodStratification.tight_lags_p_le_fifteen;Recaman.TightPeriodStratification.tight_lags_p_le_nineteen;Recaman.TightPeriodStratification.tight_lags_p_le_twenty_three;Recaman.TightPeriodStratification.tight_ss_zero_of_p_le_seven;Recaman.TightPeriodStratification.tight_ss_le_one_of_p_le_eleven;Recaman.TightPeriodStratification.tight_ss_le_three_of_p_le_fifteen;Recaman.TightPeriodStratification.tight_ss_le_five_of_p_le_nineteen;Recaman.TightPeriodStratification.tight_excludes_high_ss_for_p_le_eleven;Recaman.TightPeriodStratification.tight_excludes_ss_ge_four_for_p_le_fifteen;Recaman.TightPeriodStratification.tight_excludes_ss_ge_six_for_p_le_nineteen;Recaman.TightPeriodStratification.tight_excludes_wrapping_window;Recaman.TightPeriodStratification.tight_excludes_wrapping_window_ne	A tight subset for p <= 11 containing a window with ssCount >= 2, or a tight subset for p <= 15 containing a window with ssCount >= 4
E-218	PROVED-LEAN	issue #73, gate T6 (master synthesis of SS-stratification and capacity reduction for lag < 19)	Master synthesis: any P2 window below lag 19 has length in {3, 7, 11, 15} and ssCount <= 5; ssCount >= 4 forces lag = 15; ssCount >= 6 is impossible below lag 19; any high-SS window forces strict deficit slack >= 1; saturated supplies (|U| = |D|) are purely low-SS (ssCount <= 1); global capacity inequality reduces unconditionally to low-SS supplies	Recaman/GrandStratificationSynthesis.lean	Recaman.GrandStratificationSynthesis.grand_quantum_lag_cases;Recaman.GrandStratificationSynthesis.grand_ss_count_bound;Recaman.GrandStratificationSynthesis.grand_ss_ge_four_forces_fifteen;Recaman.GrandStratificationSynthesis.grand_no_ss_ge_six;Recaman.GrandStratificationSynthesis.grand_high_ss_forces_strict;Recaman.GrandStratificationSynthesis.grand_saturated_forces_low_ss;Recaman.GrandStratificationSynthesis.grand_capacity_reduction;Recaman.GrandStratificationSynthesis.grand_slack_ge_excess;Recaman.GrandStratificationSynthesis.grand_list_extremal_pure_low_ss;Recaman.GrandStratificationSynthesis.grand_list_high_ss_forces_strict_deficit;Recaman.GrandStratificationSynthesis.grand_list_capacity_reduction	A saturated periodic supply with lag < 19 containing a window with ssCount >= 2, or a window below lag 19 with ssCount >= 6
E-217	PROVED-LEAN	issue #73, gate T6 (five-tier capacity inequality and deficit stratification for lag < 19)	The five-weight bound n0 + 2*n2 + 3*n3 + 4*n4 + 5*n5 <= nD implies n_tot <= nD - (n2 + 2*n3 + 3*n4 + 4*n5) and slack >= n2 + 2*n3 + 3*n4 + 4*n5; saturated supplies strictly exclude all high-SS windows (n2=0, n3=0, n4=0, n5=0); deficit-1 supplies strictly exclude SS=3, SS=4, SS=5 and allow at most one SS=2; deficit-2 supplies strictly exclude SS=4 and SS=5; deficit-3 supplies strictly exclude SS=5; single SS=4 forces slack >= 3; single SS=5 forces slack >= 4; two SS=5 force slack >= 8; global capacity reduces unconditionally to low-SS supplies	Recaman/FiveSSWeightCapacity.lean	Recaman.FiveSSWeightCapacity.five_tier_weight_inequality;Recaman.FiveSSWeightCapacity.five_tier_slack_bound;Recaman.FiveSSWeightCapacity.five_tier_extremal_forces_zero;Recaman.FiveSSWeightCapacity.five_tier_deficit_one_forces_zero;Recaman.FiveSSWeightCapacity.five_tier_deficit_two_forces_zero;Recaman.FiveSSWeightCapacity.five_tier_deficit_three_forces_zero;Recaman.FiveSSWeightCapacity.five_tier_ss4_single_slack;Recaman.FiveSSWeightCapacity.five_tier_ss5_single_slack;Recaman.FiveSSWeightCapacity.five_tier_two_ss5_slack;Recaman.FiveSSWeightCapacity.five_tier_grand_reduction;Recaman.FiveSSWeightCapacity.five_tier_strict_grand_reduction;Recaman.FiveSSWeightCapacity.five_tier_list_total_le;Recaman.FiveSSWeightCapacity.five_tier_list_slack_ge_weights;Recaman.FiveSSWeightCapacity.five_tier_list_extremal_count_zero;Recaman.FiveSSWeightCapacity.five_tier_list_deficit_one_excludes_high;Recaman.FiveSSWeightCapacity.five_tier_list_deficit_two_excludes_ss4_ss5;Recaman.FiveSSWeightCapacity.five_tier_list_deficit_three_excludes_ss5;Recaman.FiveSSWeightCapacity.five_tier_list_grand_reduction	A saturated periodic supply with lag < 19 containing an SS>=2 window, or a deficit-1 supply containing an SS>=3 window
E-216	PROVED-LEAN	issue #73, gate T6 (complete classification and exact lag 15 forcing for minimal SS=5 windows)	There are exactly five minimal P2 words of length 15 with ssCount = 5 (w15_1..w15_5); any minimal P2 window with ssCount = 5 satisfies lag >= 15; any minimal SS=5 window with lag < 19 has lag exactly equal to 15 and is equal to one of these five canonical words; any such window contains exactly 8 additions and 7 subtractions with an internal surplus >= 6	Recaman/FiveSSClassification.lean	Recaman.FiveSSClassification.bitWords_fifteen_ss5_filter;Recaman.FiveSSClassification.minimal_p2_length_fifteen_ss5_cases;Recaman.FiveSSClassification.minimal_ss5_lag_ge_fifteen;Recaman.FiveSSClassification.minimal_ss5_lag_lt_nineteen_eq_fifteen;Recaman.FiveSSClassification.minimal_ss5_ones_eq_eight;Recaman.FiveSSClassification.minimal_ss5_zeros_eq_seven;Recaman.FiveSSClassification.minimal_ss5_subtraction_surplus;Recaman.FiveSSClassification.minimal_ss5_classification_lt_nineteen	A minimal P2 window with ssCount = 5 and lag < 19 not equal to w15_1..w15_5, or having lag != 15
E-215	PROVED-LEAN	issue #73, gate T6 (universal stratification tier 5 and lag 19 lower bound for ssCount >= 6)	All length 15 P2 words satisfy ssCount <= 5; every P2 window with lag < 19 satisfies ssCount <= 5; any P2 window with ssCount >= 6 satisfies lag >= 19; no P2 window with lag < 19 can have ssCount >= 6	Recaman/SSSixLagBound.lean	Recaman.SSSixLagBound.bitWords_fifteen_ss_ge_six;Recaman.SSSixLagBound.p2_length_fifteen_ssCount_le_five;Recaman.SSSixLagBound.p2_length_seven_ssCount_le_one;Recaman.SSSixLagBound.p2_lag_lt_nineteen_ssCount_le_five;Recaman.SSSixLagBound.p2_ss_ge_six_lag_ge_nineteen;Recaman.SSSixLagBound.no_ss_ge_six_lag_lt_nineteen	A P2 window with lag < 19 having ssCount >= 6, or a length 15 P2 word with ssCount >= 6
E-214	PROVED-LEAN	issue #73, gate T6 (four-tier capacity reduction and pure low-SS extremal structure for lag < 15)	Total supply count satisfies n_tot <= nD - (n2 + 2*n3); presence of any high-SS window forces strict deficit n_tot <= nD - 1; an SS=3 window forces deficit at least 2; two SS=2 windows force deficit at least 2; joint SS=2 and SS=3 force deficit at least 3; saturated supplies are purely low-SS (n2 = 0, n3 = 0, n_tot = n0); deficit-1 supplies strictly exclude SS=3 windows and allow at most one SS=2 window; deficit-2 supplies with SS=3 strictly exclude SS=2 windows; global capacity bound reduces entirely to low-SS supplies	Recaman/FourTierCapacityReduction.lean	Recaman.FourTierCapacityReduction.four_tier_total_le;Recaman.FourTierCapacityReduction.four_tier_high_ss_forces_deficit_one;Recaman.FourTierCapacityReduction.four_tier_ss3_forces_deficit_two;Recaman.FourTierCapacityReduction.four_tier_two_ss2_forces_deficit_two;Recaman.FourTierCapacityReduction.four_tier_joint_high_forces_deficit_three;Recaman.FourTierCapacityReduction.four_tier_extremal_is_pure_low_ss;Recaman.FourTierCapacityReduction.four_tier_deficit_one_structure;Recaman.FourTierCapacityReduction.four_tier_deficit_two_ss3_excludes_ss2;Recaman.FourTierCapacityReduction.four_tier_grand_reduction;Recaman.FourTierCapacityReduction.four_tier_strict_grand_reduction;Recaman.FourTierCapacityReduction.four_tier_list_total_le;Recaman.FourTierCapacityReduction.four_tier_list_high_ss_forces_strict;Recaman.FourTierCapacityReduction.four_tier_list_ss3_forces_deficit_two;Recaman.FourTierCapacityReduction.four_tier_list_extremal_pure_low_ss;Recaman.FourTierCapacityReduction.four_tier_list_deficit_one_structure;Recaman.FourTierCapacityReduction.four_tier_list_deficit_two_structure;Recaman.FourTierCapacityReduction.four_tier_list_grand_reduction	A saturated periodic supply with lag < 15 containing an SS=2 or SS=3 window, or a deficit-1 supply containing an SS=3 window
E-213	PROVED-LEAN	issue #73, gate T6 (universal modulo 4 P2 rigidity, forbidden lengths, and discrete quantum length hierarchy)	Every P2 word satisfies w.length % 4 = 3; non-existence of P2 words for any length not congruent to 3 mod 4 (including even lengths and 1, 5, 9, 13, 17, 21); discrete quantum step hierarchy: length < 7 forces length 3; length < 11 forces length 3 or 7; length < 15 forces length 3, 7, or 11; length < 19 forces length 3, 7, 11, or 15; universal gap theorem in (4k+3, 4k+7)	Recaman/P2ModFourRigidity.lean	Recaman.P2ModFourRigidity.p2_length_ne_three_mod4;Recaman.P2ModFourRigidity.no_p2_mod4_zero;Recaman.P2ModFourRigidity.no_p2_mod4_one;Recaman.P2ModFourRigidity.no_p2_mod4_two;Recaman.P2ModFourRigidity.p2_length_is_odd;Recaman.P2ModFourRigidity.no_p2_even_length;Recaman.P2ModFourRigidity.no_p2_length_1;Recaman.P2ModFourRigidity.no_p2_length_5;Recaman.P2ModFourRigidity.no_p2_length_9;Recaman.P2ModFourRigidity.no_p2_length_13;Recaman.P2ModFourRigidity.no_p2_length_17;Recaman.P2ModFourRigidity.no_p2_length_21;Recaman.P2ModFourRigidity.p2_length_ge_three;Recaman.P2ModFourRigidity.p2_length_lt_seven_eq_three;Recaman.P2ModFourRigidity.p2_length_lt_eleven_cases;Recaman.P2ModFourRigidity.p2_length_lt_fifteen_cases;Recaman.P2ModFourRigidity.p2_length_lt_nineteen_cases;Recaman.P2ModFourRigidity.p2_length_lt_twenty_three_cases;Recaman.P2ModFourRigidity.p2_length_discrete_gap	A P2 word with length % 4 != 3 or a P2 word with length in {1, 5, 9, 13, 17, 21}
E-212	PROVED-LEAN	issue #73, gate T6 (three-weight SS=3 capacity inequality and multi-tier deficit hierarchy)	The triple-weight bound n0 + 2*n2 + 3*n3 <= nD implies n0 + n2 + n3 <= nD - (n2 + 2*n3) and slack >= n2 + 2*n3; saturated supplies strictly exclude both SS=2 and SS=3 windows; deficit-1 supplies strictly exclude any SS=3 window; deficit-2 supplies admit at most one SS=3 window; for any deficit k, 2*n3 <= k; a single SS=3 window forces slack >= 2; two SS=3 windows force slack >= 4; one SS=2 and one SS=3 window together force slack >= 3	Recaman/ThreeSSWeightCapacity.lean	Recaman.ThreeSSWeightCapacity.ss3_weight_inequality;Recaman.ThreeSSWeightCapacity.ss3_slack_bound;Recaman.ThreeSSWeightCapacity.ss3_extremal_forces_zero;Recaman.ThreeSSWeightCapacity.ss3_deficit_one_forces_zero;Recaman.ThreeSSWeightCapacity.ss3_deficit_two_forces_le_one;Recaman.ThreeSSWeightCapacity.ss3_deficit_k_forces_bound;Recaman.ThreeSSWeightCapacity.ss3_single_donor_slack;Recaman.ThreeSSWeightCapacity.ss3_two_donors_slack;Recaman.ThreeSSWeightCapacity.ss3_joint_ss2_slack;Recaman.ThreeSSWeightCapacity.three_ss_slack_ge_weights;Recaman.ThreeSSWeightCapacity.three_ss_extremal_count_zero;Recaman.ThreeSSWeightCapacity.three_ss_deficit_one_excludes_ss3;Recaman.ThreeSSWeightCapacity.three_ss_deficit_two_count_le_one	A periodic supply with slack < |U2| + 2*|U3| or a deficit-1 supply admitting an SS=3 window
E-211	PROVED-LEAN	issue #73, gate T6 (complete classification and exact lag 11 forcing for minimal SS=3 windows)	There are exactly three minimal P2 words of length 11 with ssCount = 3: SSAAAAAASSS, AAASSSSAAAS, and AAASSASSSAA; any minimal P2 window with ssCount = 3 satisfies lag >= 11; any minimal SS=3 window with lag < 15 has lag exactly equal to 11 and is equal to one of these three canonical words; any such window contains exactly 6 additions and 5 subtractions with an internal surplus >= 4	Recaman/ThreeSSClassification.lean	Recaman.ThreeSSClassification.isMinimalP2_iff;Recaman.ThreeSSClassification.bitWords_eleven_ss3_filter;Recaman.ThreeSSClassification.minimal_p2_length_eleven_ss3_cases;Recaman.ThreeSSClassification.minimal_ss3_lag_ge_eleven;Recaman.ThreeSSClassification.minimal_ss3_lag_lt_fifteen_eq_eleven;Recaman.ThreeSSClassification.minimal_ss3_ones_eq_six;Recaman.ThreeSSClassification.minimal_ss3_zeros_eq_five;Recaman.ThreeSSClassification.minimal_ss3_subtraction_surplus;Recaman.ThreeSSClassification.minimal_ss3_classification_lt_fifteen	A minimal P2 window with ssCount = 3 and lag < 15 not equal to w1, w2, or w3, or having lag != 11
E-210	PROVED-LEAN	issue #73, gate T6 (universal four-tier lag hierarchy by SS count and lag-15 bound for ssCount >= 4)	All P2 words of length 11 have ssCount <= 3; any minimal P2 window with lag <= 5 has ssCount = 0; minimal P2 windows with ssCount >= 1 satisfy lag >= 7; minimal P2 windows with ssCount >= 2 satisfy lag >= 11; all minimal P2 windows with lag < 15 satisfy ssCount <= 3; any minimal P2 window with ssCount >= 4 satisfies lag >= 15; no minimal P2 window with lag < 15 can have ssCount >= 4	Recaman/UniversalSSStratification.lean	Recaman.UniversalSSStratification.bitWords_eleven_ssCount_le_three;Recaman.UniversalSSStratification.p2_length_eleven_ssCount_le_three;Recaman.UniversalSSStratification.minimal_lag_le_five_ssCount_zero;Recaman.UniversalSSStratification.minimal_ss_ge_one_lag_ge_seven;Recaman.UniversalSSStratification.minimal_ss_ge_two_lag_ge_eleven;Recaman.UniversalSSStratification.minimal_lag_lt_fifteen_ssCount_le_three;Recaman.UniversalSSStratification.minimal_ss_ge_four_lag_ge_fifteen;Recaman.UniversalSSStratification.no_ss_ge_four_lag_lt_fifteen	A minimal P2 window with ssCount >= 4 and lag < 15, or a length 11 P2 word with ssCount >= 4
E-209	PROVED-LEAN	issue #73, gate T6 (universal tight capacity hierarchy and window exclusion by subtraction count)	Any tight subset containing a window with >= k subtractions has size >= k; tight subsets of size < k strictly exclude windows with >= k subtractions; in any supply with |U| <= 5, any avoiding sublist has size <= 4 and cannot contain windows with >= 5 subtractions; in supplies with |U| <= 4, avoiding sublists have size <= 3 and exclude windows with >= 4 subtractions; in supplies with |U| <= 3, avoiding sublists have size <= 2 and exclude windows with >= 3 subtractions	Recaman/TightCapacityHierarchy.lean	Recaman.TightCapacityHierarchy.tight_size_ge_k;Recaman.TightCapacityHierarchy.no_ge_k_in_tight_lt_k;Recaman.TightCapacityHierarchy.no_ge_four_in_tight_le_three;Recaman.TightCapacityHierarchy.no_ge_five_in_tight_le_four;Recaman.TightCapacityHierarchy.no_ge_six_in_tight_le_five;Recaman.TightCapacityHierarchy.avoiding_sublist_length_le_sub_one;Recaman.TightCapacityHierarchy.avoiding_length_le_four_of_U_le_five;Recaman.TightCapacityHierarchy.avoiding_length_le_three_of_U_le_four;Recaman.TightCapacityHierarchy.avoiding_length_le_two_of_U_le_three;Recaman.TightCapacityHierarchy.avoiding_length_le_one_of_U_le_two;Recaman.TightCapacityHierarchy.tight_avoiding_excludes_ge_five;Recaman.TightCapacityHierarchy.tight_avoiding_excludes_ge_four;Recaman.TightCapacityHierarchy.tight_avoiding_excludes_ge_three;Recaman.TightCapacityHierarchy.tight_avoiding_excludes_ge_two	A tight avoiding subset of size < k containing a window with >= k subtractions, or a tight avoiding subset with |U| <= 5 containing a window with >= 5 subtractions
E-208	PROVED-LEAN	issue #73, gate T6 (exact lag 11 forcing for minimal SS=2 windows and length 13 P2 impossibility)	Length 13 admits zero P2 words; any minimal P2 window with ssCount = 2 and lag < 15 must have lag exactly equal to 11; the donation phase is uniquely endpointPhase p u 11; any such window contains exactly 6 additions and 5 subtractions, providing a local surplus of at least 4 internal subtractions beyond its single donated subtraction	Recaman/SS2LagElevenForcing.lean	Recaman.SS2LagElevenForcing.bitWords_thirteen_p2;Recaman.SS2LagElevenForcing.no_p2_length_thirteen;Recaman.SS2LagElevenForcing.minimal_ss2_lag_lt_fifteen_eq_eleven;Recaman.SS2LagElevenForcing.minimal_ss2_donor_phase_eq_eleven;Recaman.SS2LagElevenForcing.p2_length_eleven_ones;Recaman.SS2LagElevenForcing.minimal_ss2_ones_eq_six;Recaman.SS2LagElevenForcing.p2_length_eleven_zeros;Recaman.SS2LagElevenForcing.minimal_ss2_zeros_eq_five;Recaman.SS2LagElevenForcing.minimal_ss2_subtraction_surplus	A minimal P2 window with ssCount = 2 and lag < 15 whose lag is not 11, or a P2 word of length 13
E-207	PROVED-LEAN	issue #73, gate T6 (minimal SS=2 lag lower bound lag >= 11 and length 9 P2 impossibility)	All P2 words have odd length; length 9 admits zero P2 words; minimal length 7 P2 words are uniquely classified into two words with ssCount <= 1; minimal length 7 P2 words cannot have ssCount = 2; any minimal P2 window with ssCount = 2 satisfies lag >= 11	Recaman/SS2MinimalLagBound.lean	Recaman.SS2MinimalLagBound.bitWords_nine_p2;Recaman.SS2MinimalLagBound.no_p2_length_nine;Recaman.SS2MinimalLagBound.p2_odd_length;Recaman.SS2MinimalLagBound.minimal_p2_length_seven_cases;Recaman.SS2MinimalLagBound.w1_ssCount;Recaman.SS2MinimalLagBound.w2_ssCount;Recaman.SS2MinimalLagBound.minimal_lag_seven_ssCount_le_one;Recaman.SS2MinimalLagBound.minimal_lag_seven_not_ss2;Recaman.SS2MinimalLagBound.no_ss2_lag_three;Recaman.SS2MinimalLagBound.no_ss2_lag_le_five;Recaman.SS2MinimalLagBound.minimal_ss2_lag_ge_eleven	A minimal P2 window with ssCount = 2 and lag <= 9 or a P2 word of length 9
E-206	PROVED-LEAN	issue #73, gate T6 (grand reduction theorem of capacity to low-SS and resolution of gate T6)	If capacity holds on low-SS words and high-SS windows force strict deficit, capacity holds unconditionally on all words; an SS=2 donor donating a deletable subtraction forces strict deficit |U| <= |D| - 1; saturated supplies |U| = |D| strictly exclude SS=2 donors; deficit-1 supplies strictly exclude two simultaneously deletable SS=2 donors; for all words of period p <= 11, any SS=2 window with lag < 15 donates a deletable subtraction forcing |U| <= |D| - 1; extremal supplies at p <= 11 strictly exclude any SS=2 donor with lag < 15, resolving Research Gate T6	Recaman/HighSSEliminationGrandTheorem.lean	Recaman.HighSSEliminationGrandTheorem.grand_capacity_reduction;Recaman.HighSSEliminationGrandTheorem.strict_deficit_of_deletable_ss2;Recaman.HighSSEliminationGrandTheorem.saturated_excludes_ss2_donor;Recaman.HighSSEliminationGrandTheorem.deficit_one_excludes_two_ss2_donors;Recaman.HighSSEliminationGrandTheorem.gate_t6_strict_slack_p11;Recaman.HighSSEliminationGrandTheorem.extremal_supply_pure_low_ss_p11	A periodic word of period p <= 11 where an extremal supply (|U| = |D|) contains an SS=2 window with lag < 15 or where an SS=2 window fails to force strict slack
E-205	PROVED-LEAN	issue #73, gate T6 (two-weight SS=2 capacity and deficit hierarchy |U2| <= slack)	The double-weight inequality n0 + 2*n2 <= nD implies n0 + n2 <= nD - n2 and n2 <= nD - (n0 + n2); extremal supplies have n2 = 0; deficit-1 supplies have n2 <= 1; deficit-2 supplies have n2 <= 2; for any deficit k, n2 <= k; in any periodic word where additions partition into low-SS and SS=2 windows, the supply slack |D| - |U| is at least |U2|; saturated supplies have |U2| = 0; a single deletable SS=2 donor forces slack >= 1; two simultaneously deletable SS=2 donors force slack >= 2	Recaman/TwoSSWeightCapacity.lean	Recaman.TwoSSWeightCapacity.ss2_weight_inequality;Recaman.TwoSSWeightCapacity.extremal_forces_ss2_zero;Recaman.TwoSSWeightCapacity.deficit_one_forces_ss2_le_one;Recaman.TwoSSWeightCapacity.deficit_two_forces_ss2_le_two;Recaman.TwoSSWeightCapacity.deficit_k_forces_ss2_le_k;Recaman.TwoSSWeightCapacity.two_ss_slack_ge_count;Recaman.TwoSSWeightCapacity.two_ss_extremal_count_zero;Recaman.TwoSSWeightCapacity.two_ss_deficit_one_count_le_one;Recaman.TwoSSWeightCapacity.two_ss_deficit_two_count_le_two;Recaman.TwoSSWeightCapacity.single_ss2_donor_slack;Recaman.TwoSSWeightCapacity.two_ss2_donors_slack	A periodic supply with slack |D| - |U| < |U2| or a saturated supply (|U| = |D|) with |U2| >= 1
E-204	PROVED-LEAN	issue #73, gate T6 (strict exclusion of high-SS donors from extremal and deficit-1 supplies)	In any saturated/extremal periodic supply with |U| = |D|, no subtraction in D can be deletable; any deletable subtraction forces positive slack |D| - |U| >= 1; two simultaneously deletable subtractions force slack |D| - |U| >= 2; in an extremal supply, no window can donate a deletable subtraction; an SS=2 window whose donation is deletable is impossible in extremal supply; any periodic word with two simultaneously deletable SS=2 donations cannot have deficit 1; in any extremal supply, all windows whose donation is deletable cannot have ssCount = 2, establishing formal exclusion of high-SS windows from extremal supply	Recaman/ExtremalSSExclusion.lean	Recaman.ExtremalSSExclusion.extremal_excludes_deletable;Recaman.ExtremalSSExclusion.deletable_forces_positive_slack;Recaman.ExtremalSSExclusion.two_deletable_forces_slack_ge_two;Recaman.ExtremalSSExclusion.extremal_no_deletable_donor;Recaman.ExtremalSSExclusion.extremal_no_ss2_deletable_donor;Recaman.ExtremalSSExclusion.deficit_one_excludes_two_deletable;Recaman.ExtremalSSExclusion.extremal_windows_ss_ne_two_of_deletable	An extremal supply (|U| = |D|) admitting a deletable subtraction or containing an SS=2 donor window whose donation is deletable
E-203	PROVED-LEAN	issue #73, gate T6 (simultaneous multi-donor deficit and exclusion from deficit-1 supply)	Any list with two distinct elements has length >= 2; deleting two distinct elements reduces length by >= 2; distinct SS=2 donors donate distinct modular subtractions; both donations from donors with lag < 15 avoid any tight AAS neighborhood; deleting both donations preserves the tight neighborhood identical to N(A); simultaneous deletability of two subtractions forces the double deficit bound |U| <= |D| - 2; having two distinct SS=2 donors with lag < 15 is impossible in any supply with |U| >= |D| - 1 (including all tight words and all deficit-1 words)	Recaman/SS2MultiDonorDeficit.lean	Recaman.SS2MultiDonorDeficit.length_ge_two_of_distinct_mem;Recaman.SS2MultiDonorDeficit.filter_two_ne_sublist_length_le_sub_two;Recaman.SS2MultiDonorDeficit.double_deleted_neighborhood_sublist;Recaman.SS2MultiDonorDeficit.double_deleted_neighborhood_le_sub_two;Recaman.SS2MultiDonorDeficit.double_deleted_neighborhood_eq;Recaman.SS2MultiDonorDeficit.two_ss_donors_distinct;Recaman.SS2MultiDonorDeficit.two_ss_donors_avoid_tight;Recaman.SS2MultiDonorDeficit.two_ss_double_deleted_tight_eq;Recaman.SS2MultiDonorDeficit.double_deletable_forces_double_slack;Recaman.SS2MultiDonorDeficit.ss2_double_donation_hall_bound;Recaman.SS2MultiDonorDeficit.ss2_two_donors_force_double_slack;Recaman.SS2MultiDonorDeficit.no_two_ss2_in_deficit_one_supply	A supply with |U| >= |D| - 1 containing two distinct SS=2 donors with lag < 15 whose donations are simultaneously deletable
E-202	PROVED-LEAN	issue #73, gate T6 (clean rigidity of tight bottleneck subsets)	The canonical lag 3 AAS window has ssCount = 0; any member of any tight avoiding subset in positive-slack periodic words with |D| <= 4 or tight size <= 2 with lag <= 5 has ssCount = 0; windows with ssCount >= 1 (both SS=1 and high-SS donors) are strictly excluded from tight bottleneck subsets	Recaman/TightSSZeroRigidity.lean	Recaman.TightSSZeroRigidity.aas_ssCount_zero;Recaman.TightSSZeroRigidity.past_three_aas_ssCount_zero;Recaman.TightSSZeroRigidity.tight_avoiding_member_ssCount_zero_of_D_le_four;Recaman.TightSSZeroRigidity.tight_avoiding_member_ssCount_zero_of_size_le_two;Recaman.TightSSZeroRigidity.no_ss_ge_one_in_tight_D_le_four;Recaman.TightSSZeroRigidity.no_ss_ge_one_in_tight_size_le_two;Recaman.TightSSZeroRigidity.no_ss2_in_tight_D_le_four;Recaman.TightSSZeroRigidity.no_ss2_in_tight_size_le_two	A member of a tight avoiding subset with |D| <= 4 or size <= 2 with lag <= 5 having ssCount >= 1
E-201	PROVED-LEAN	issue #73, gate T6 (three-tier low-SS and SS=2 joint capacity)	Any low-SS addition window (ssCount <= 1, including clean AAS and SS=1) is provably disjoint from any SS=2 window with lag < 15 on modular endpoint phases; the combined cardinality of low-SS additions and SS=2 additions with lag < 15 is bounded by |D| (|U_{<=1}| + |U_2| <= |D|); each SS=2 window with lag < 15 strictly forces |U_{<=1}| <= |D| - |U_2|	Recaman/LowSSTwoSSJointCapacity.lean	Recaman.LowSSTwoSSJointCapacity.ss_le1_two_endpoint_mod_disjoint;Recaman.LowSSTwoSSJointCapacity.low_SS_two_SS_joint_capacity;Recaman.LowSSTwoSSJointCapacity.ss2_strict_capacity_deficit	A collision between a low-SS window (ssCount <= 1) and an SS=2 window with lag < 15 on modular endpoint phases or a violation of |U_{<=1}| + |U_2| <= |D|
E-200	PROVED-LEAN	issue #73, gate T6 (deletability forces strict deficit and saturated SS=2 exclusion)	The deleted neighborhood N(A) \ {s} is a sublist of D; deleting s avoids s; any deletable subtraction s ∈ D forces the strict deficit |U| <= |D| - 1 on U; in any saturated periodic supply with |U| = |D|, no subtraction in D can be deletable; the deleted neighborhood of U avoids s*(u0) and satisfies |N(U) \ {s*(u0)}| <= |D| - 1	Recaman/SS2StrictSlackTheorem.lean	Recaman.SS2StrictSlackTheorem.deletedNeighborhood_sublist_subPhases;Recaman.SS2StrictSlackTheorem.not_mem_deletedNeighborhood;Recaman.SS2StrictSlackTheorem.deleted_neighborhood_le_subPhases_sub_one;Recaman.SS2StrictSlackTheorem.deletable_forces_strict_slack;Recaman.SS2StrictSlackTheorem.no_deletable_of_equal_capacity;Recaman.SS2StrictSlackTheorem.ss2_donation_hall_bound	A saturated periodic supply (|U| = |D|) that admits a deletable subtraction or contains an SS=2 donor window
E-199	PROVED-LEAN	issue #73, gate T6 (grand synthesis of high-SS local donation for p <= 11)	In positive-slack words with p <= 11, any sublist avoiding an SS=2 donor has size |A| <= 3; any tight avoiding subset of size <= 2 is strictly rigid (all members are lag 3 AAS); donated subtraction s*(u0) of an SS=2 donor with lag < 15 is automatically disjoint from all AAS endpoints; Hall's marriage condition is universally preserved on all sublists of U after deleting s*(u0); s*(u0) is universally deletable from D for all p <= 11	Recaman/UniversalTwoSSDonationTheorem.lean	Recaman.UniversalTwoSSDonationTheorem.universal_ss2_avoiding_size_bound;Recaman.UniversalTwoSSDonationTheorem.universal_ss2_tight_size_two_rigidity;Recaman.UniversalTwoSSDonationTheorem.universal_ss2_donation_disjointness;Recaman.UniversalTwoSSDonationTheorem.universal_ss2_hall_preservation_p11;Recaman.UniversalTwoSSDonationTheorem.universal_ss2_deletability_p11;Recaman.UniversalTwoSSDonationTheorem.universal_ss2_minimal_donor_closure	A failure of Hall's condition on any sublist of U after deleting s*(u0) in any periodic word of period p <= 11 with positive slack and lag < 15 donor
E-198	PROVED-LEAN	issue #73, gate T6 (length 7 P2 classification and tight obstruction)	There are exactly 4 P2 words of length 7, each having exactly 3 subtractions; no tight subset of size <= 2 can contain a window whose neighborhood has size >= 3 (such as lag 7); in any periodic word of period p <= 11, any member of any tight avoiding subset of size <= 2 with lag <= 5 is forced to be a lag 3 AAS window	Recaman/LagSevenTightObstruction.lean	Recaman.LagSevenTightObstruction.bitWords_seven_p2;Recaman.LagSevenTightObstruction.p2_length_seven_cases;Recaman.LagSevenTightObstruction.p2_length_seven_subtractions;Recaman.LagSevenTightObstruction.no_ge_three_in_tight_le_two;Recaman.LagSevenTightObstruction.tight_avoiding_le_two_lag_three;Recaman.LagSevenTightObstruction.tight_avoiding_le_two_is_aas	A P2 word of length 7 not in the 4-word classification or a tight subset of size <= 2 containing a lag 7 window
E-197	PROVED-LEAN	issue #73, gate T6 (complete capacity closure for SS=2 donation at p <= 11)	In positive-slack periodic words with p <= 11, any sublist avoiding an SS=2 donor has size |A| <= 3; for any SS=2 donor with lag < 15, disjointness from all lag 3 AAS endpoints in U is automatically derived as a theorem; for all p <= 11, an SS=2 donor with lag < 15 (including minimal lag 11) donates a universally deletable subtraction and Hall's condition is preserved on all sublists of U	Recaman/ElevenSSDonationClosure.lean	Recaman.ElevenSSDonationClosure.p11_tight_avoiding_size_le_three;Recaman.ElevenSSDonationClosure.ss2_donation_disjoint_of_lag_lt_fifteen;Recaman.ElevenSSDonationClosure.p11_ss2_donor_deletable_of_lag_lt_fifteen;Recaman.ElevenSSDonationClosure.p11_ss2_donor_hall_preserved_of_lag_lt_fifteen;Recaman.ElevenSSDonationClosure.p11_ss2_minimal_donor_hall_preserved	A failure of Hall's condition after deleting s*(u0) in a periodic word of period p <= 11 where the SS=2 donor has lag < 15
E-196	PROVED-LEAN	issue #73, gate T6 (SS2-AAS collision obstruction for lag < 15)	The time separation k between a clean lag 3 AAS window and a succeeding SS=2 window sharing an endpoint must be at least 12; in any stream, an SS=2 window with lag d < 15 can never share an endpoint with a lag 3 AAS window; in any periodic word, modular endpoint collision between an SS=2 window of lag d < 15 and a lag 3 AAS window is impossible; the donated subtraction s*(u0) from an SS=2 donor with lag < 15 is provably disjoint from all lag 3 AAS endpoints in U	Recaman/SS2AASCollisionObstruction.lean	Recaman.SS2AASCollisionObstruction.ss2_intervening_word_ge_twelve;Recaman.SS2AASCollisionObstruction.stream_ss2_aas_no_shared_endpoint_of_lag_lt_fifteen;Recaman.SS2AASCollisionObstruction.periodic_ss2_aas_no_shared_endpoint_of_lag_lt_fifteen;Recaman.SS2AASCollisionObstruction.ss2_lag_lt_fifteen_disjoint_from_aas	A collision between an SS=2 window of lag < 15 and a lag 3 AAS window on the same modular endpoint phase
E-195	PROVED-LEAN	issue #73, gate T6 (universal tight avoidance and SS=2 donation synthesis)	In positive-slack words with |D| <= 4, any tight avoiding subset with lags <= 5 consists purely of lag 3 AAS windows whose neighborhood equals their lag 3 endpoint phases; if s*(u0) avoids these endpoints, deleting s*(u0) leaves the neighborhood identical and preserves Hall's inequality; Hall's condition is universally preserved on all sublists of U	Recaman/TwoSSTightAvoidanceTheorem.lean	Recaman.TwoSSTightAvoidanceTheorem.tight_avoiding_all_lag_three;Recaman.TwoSSTightAvoidanceTheorem.tight_avoiding_all_aas;Recaman.TwoSSTightAvoidanceTheorem.tight_neighborhood_covers_iff;Recaman.TwoSSTightAvoidanceTheorem.tight_avoiding_s_not_mem;Recaman.TwoSSTightAvoidanceTheorem.tight_deleted_neighborhood_eq;Recaman.TwoSSTightAvoidanceTheorem.tight_deleted_hall_preserved;Recaman.TwoSSTightAvoidanceTheorem.universal_hall_preserved_after_ss2_donation	A failure of Hall's condition after deleting s*(u0) in a periodic word where tight subsets avoiding u0 avoid s*(u0)
E-194	PROVED-LEAN	issue #73, gate T6 (P2 parity rigidity and universal lag-3 AAS forcing)	No P2 word has length 1 or 5; length 3 P2 is uniquely [true, true, false] (AAS); any P2 window with lag <= 5 must have lag 3 and is an AAS window; in any positive-slack periodic word with |D| <= 4, every member of every tight subset avoiding u0 with lag <= 5 is forced to have lag 3 and window AAS	Recaman/TightP2ParityRigidity.lean	Recaman.TightP2ParityRigidity.bitWords_one_p2;Recaman.TightP2ParityRigidity.no_p2_length_one;Recaman.TightP2ParityRigidity.bitWords_three_p2;Recaman.TightP2ParityRigidity.p2_length_three_eq_aas;Recaman.TightP2ParityRigidity.bitWords_five_p2;Recaman.TightP2ParityRigidity.no_p2_length_five;Recaman.TightP2ParityRigidity.past_three;Recaman.TightP2ParityRigidity.aas_of_past_three_eq;Recaman.TightP2ParityRigidity.p2_lag_le_five_forces_three;Recaman.TightP2ParityRigidity.p2_lag_le_five_forces_aas;Recaman.TightP2ParityRigidity.tight_avoiding_member_lag_three_of_D_le_four;Recaman.TightP2ParityRigidity.tight_avoiding_member_is_aas_of_D_le_four	A P2 word of length 1 or 5, a non-AAS P2 word of length 3, or a member of a tight avoiding subset with lag <= 5 that is not lag 3 AAS
E-193	PROVED-LEAN	issue #73, gate T6 (universal tight bottleneck lag stratification)	In positive-slack periodic words, any sublist avoiding an SS=2 donor has size |A| <= |D| - 2; any window with k distinct subtractions in a tight avoiding subset satisfies k <= |D| - 2; for |D| <= 4 all tight avoiding lags are 3; for |D| <= 6 all tight avoiding lags are in {3, 7}; in general lag 4m - 1 requires |D| >= 2m + 1 and satisfies lag <= 2|D| - 3	Recaman/UniversalTightLagBound.lean	Recaman.UniversalTightLagBound.sublist_avoiding_size_le_deficit;Recaman.UniversalTightLagBound.tight_avoiding_size_le_one_of_subPhases_le_three;Recaman.UniversalTightLagBound.tight_avoiding_size_le_two_of_subPhases_le_four;Recaman.UniversalTightLagBound.tight_avoiding_size_le_three_of_subPhases_le_five;Recaman.UniversalTightLagBound.tight_avoiding_size_le_four_of_subPhases_le_six;Recaman.UniversalTightLagBound.universal_tight_size_bound;Recaman.UniversalTightLagBound.no_k_ge_three_of_subPhases_le_four;Recaman.UniversalTightLagBound.no_k_ge_five_of_subPhases_le_six;Recaman.UniversalTightLagBound.no_k_ge_seven_of_subPhases_le_eight;Recaman.UniversalTightLagBound.arithmetic_deficit_lag_bound;Recaman.UniversalTightLagBound.arithmetic_lag_le_of_m	A tight subset avoiding an SS=2 donor window containing a window with k subtractions where k > |D| - 2
E-192	PROVED-LEAN	issue #73, gate T6 (period-dependent slack bounds and SS=2 donation for p <= 10)	Positive period mass forces 2*|D| < p; for p <= 10, |D| <= 4; positive slack forces sublists avoiding an SS=2 donor to satisfy |A| <= 2; tight subsets avoiding an SS=2 donor cannot contain windows with neighborhood size >= 3; for all p <= 10, s*(u0) is deletable and Hall's condition is preserved on all sublists of U	Recaman/TightComponentSlackBound.lean	Recaman.TightComponentSlackBound.additionCount_add_subtractionCount;Recaman.TightComponentSlackBound.signSum_eq_subtraction_bound;Recaman.TightComponentSlackBound.subPhases_bound_of_pos_signSum;Recaman.TightComponentSlackBound.subPhases_length_le_three_of_le_eight;Recaman.TightComponentSlackBound.subPhases_length_le_four_of_le_ten;Recaman.TightComponentSlackBound.subPhases_length_le_five_of_le_eleven;Recaman.TightComponentSlackBound.sublist_length_le_sub_one_of_mem_not_mem;Recaman.TightComponentSlackBound.tight_avoiding_size_le_two_of_p10;Recaman.TightComponentSlackBound.tight_avoiding_size_le_one_of_p8;Recaman.TightComponentSlackBound.no_ge_three_in_tight_avoiding_p10;Recaman.TightComponentSlackBound.p10_ss2_donor_deletable;Recaman.TightComponentSlackBound.p10_ss2_donor_hall_preserved	A periodic word with p <= 10, positive period mass, positive slack, and an SS=2 window whose oldest subtraction deletion violates Hall's condition
E-191	PROVED-LEAN	issue #73, gate T6 (SS=2 small-word complete deletability and capacity closure)	In periodic words with p ≤ 11 and positive slack, if non-donor additions have lag 3 AAS avoiding s*(u₀), then s*(u₀) is universally deletable, preserving Hall's condition on all sublists of U; tight subsets of size ≤ 2 cannot contain windows with individual neighborhood size ≥ 3	Recaman/TwoSSSmallCapacityClosure.lean	Recaman.TwoSSSmallCapacityClosure.tight_subset_le_two_no_ge_three;Recaman.TwoSSSmallCapacityClosure.tight_avoids_of_all_lag_three;Recaman.TwoSSSmallCapacityClosure.small_word_ss2_deletable;Recaman.TwoSSSmallCapacityClosure.small_word_hall_preserved_after_donation	A failure of Hall's condition after deleting s*(u₀) in a lag-3-dominated periodic word with positive slack
E-190	PROVED-LEAN	issue #73, gate T6 (tight bottleneck size lower bound)	Subtraction indices within a single period i < j < p are strictly injective modulo p; tight bottleneck subsets of size k can only contain windows of lag d ≤ 2k + 1; tight singletons and tight pairs can never contain any window of lag ≥ 7; every tight subset of size ≤ 2 must consist exclusively of lag 3 windows	Recaman/TightBottleneckBound.lean	Recaman.TightBottleneckBound.subtraction_residue_injective_of_lt_p;Recaman.TightBottleneckBound.phase_inj_of_lt;Recaman.TightBottleneckBound.tight_size_lower_bound;Recaman.TightBottleneckBound.no_tight_size_one_of_ge_two;Recaman.TightBottleneckBound.no_tight_size_le_two_of_ge_three;Recaman.TightBottleneckBound.lag_three_neighborhood_length_le_one	A tight subset of size 1 or 2 containing a window of lag ≥ 7 in a periodic word
E-189	PROVED-LEAN	issue #73, gate T6 (universal wrap obstruction and tight bottleneck localization)	For any period p ≥ 1, any window with lag d ≥ p covers all of D, causing any subset containing it to have N(A)=D and strictly expand |A| < |N(A)| in positive-slack words; no tight subset contains any wrapping window, so all tight subsets have lags < p; Hall's condition after deletion reduces to non-wrapping subsets; for p ≤ 7 all tight lags are 3, and for p ≤ 11 all tight lags are in {3, 7}	Recaman/WrapObstruction.lean	Recaman.WrapObstruction.window_wrap_covers_all_subtractions;Recaman.WrapObstruction.neighborhood_eq_subPhases_of_has_wrap;Recaman.WrapObstruction.neighborhood_length_of_has_wrap;Recaman.WrapObstruction.strict_expansion_of_has_wrap;Recaman.WrapObstruction.no_tight_subset_contains_wrap;Recaman.WrapObstruction.tight_subset_all_lags_lt_p;Recaman.WrapObstruction.deleted_neighborhood_hall_of_has_wrap;Recaman.WrapObstruction.deletable_of_avoids_wrap;Recaman.WrapObstruction.tight_lags_for_p_le_seven;Recaman.WrapObstruction.tight_lags_for_p_le_eleven	A tight bottleneck subset containing a window of lag d ≥ p in a positive-slack periodic word
E-188	PROVED-LEAN	issue #73, gate T6 (tight subset avoidance and Hall preservation)	Deleting s preserves N(A) if s ∉ N(A) and preserves Hall's condition if |A| < |N(A)|; deletability reduces to tight avoidance on U \ {u₀}; lag 3 AAS windows cover exclusively their endpoint phase, so disjointness from lag 3 endpoints guarantees tight avoidance and universal Hall preservation	Recaman/TwoSSAvoidTight.lean	Recaman.TwoSSAvoidTight.neighborhood_nodup;Recaman.TwoSSAvoidTight.mem_neighborhood_iff;Recaman.TwoSSAvoidTight.not_mem_neighborhood_of_not_covered;Recaman.TwoSSAvoidTight.deletedNeighborhood_eq_of_not_mem;Recaman.TwoSSAvoidTight.deleted_hall_of_slack;Recaman.TwoSSAvoidTight.deleted_hall_of_not_mem;Recaman.TwoSSAvoidTight.hall_preserved_of_slack_or_avoid;Recaman.TwoSSAvoidTight.deletable_of_tight_avoidance;Recaman.TwoSSAvoidTight.lag_three_covers_iff;Recaman.TwoSSAvoidTight.lag_three_subset_covers_iff;Recaman.TwoSSAvoidTight.not_mem_neighborhood_of_lag_three;Recaman.TwoSSAvoidTight.oldest_donation_preserves_hall_on_lag_three_tight	A failure of Hall's condition after deleting a subtraction that avoids tight subsets or a lag 3 AAS window covering a non-endpoint subtraction
E-187	PROVED-LEAN	issue #73, gate T6 (SS=2 oldest subtraction local donation)	S-ended SS=2 windows donate their oldest subtraction phase s*(u) = endpointPhase p u d ∈ D; window and subsets containing u cover s*; deleting s*(u) preserves Hall's condition on sets containing u; donations from distinct SS=2 windows are mutually injective and disjoint from SS=1 matching image	Recaman/TwoSSLocalDonation.lean	Recaman.TwoSSLocalDonation.oldest_is_subtraction;Recaman.TwoSSLocalDonation.oldest_covered_by_window;Recaman.TwoSSLocalDonation.oldest_covered_by_subset;Recaman.TwoSSLocalDonation.oldest_donation_preserves_hall;Recaman.TwoSSLocalDonation.oldest_donation_injective;Recaman.TwoSSLocalDonation.oldest_donation_disjoint_from_one_SS;Recaman.TwoSSLocalDonation.oldest_donation_list_nodup;Recaman.TwoSSLocalDonation.oldest_donation_disjoint_one_SS_list	A counterexample to local donation from an SS=2 window or a collision between SS=2 donated subtraction and SS=1 endpoint phase
E-186	PROVED-LEAN	issue #73, gate T6 (SS=2 tight subset obstruction and deletable reduction)	For p ≤ 11 and |U| < |D|, no tight subset A contains an SS=2 window; every subset containing an SS=2 window has full neighborhood N(A) = D, expanding strictly |A| < |N(A)|; deleting any subtraction preserves Hall's condition on all sets containing an SS=2 window, reducing deletability to subsets avoiding the SS=2 window	Recaman/TwoSSTightDisjoint.lean	Recaman.TwoSSTightDisjoint.isCoveredByWindow_iff;Recaman.TwoSSTightDisjoint.isCoveredBySubset_iff;Recaman.TwoSSTightDisjoint.filter_all_true;Recaman.TwoSSTightDisjoint.filter_ne_nodup;Recaman.TwoSSTightDisjoint.subPhases_nodup;Recaman.TwoSSTightDisjoint.neighborhood_eq_subPhases_of_has_ss2;Recaman.TwoSSTightDisjoint.neighborhood_length_of_has_ss2;Recaman.TwoSSTightDisjoint.strict_expansion_of_has_ss2;Recaman.TwoSSTightDisjoint.no_tight_subset_contains_ss2;Recaman.TwoSSTightDisjoint.deleted_neighborhood_hall_of_has_ss2;Recaman.TwoSSTightDisjoint.slack_of_has_ss2;Recaman.TwoSSTightDisjoint.deletable_of_avoids_ss2	A tight subset containing an SS=2 window or a failure of Hall's condition after deleting a subtraction on a component containing an SS=2 window
E-185	PROVED-LEAN	issue #73, gate T6 (periodic modular endpoint injectivity & joint capacity)	Two SS=2 windows have injective modular endpoint phases; SS=1 and SS=2 endpoint phases are disjoint; joint capacity |U1| + |U2| <= |D| for S-ended windows	Recaman/TwoSSPeriodicSupply.lean	Recaman.TwoSSPeriodicSupply.two_SS_endpoint_mod_injective;Recaman.TwoSSPeriodicSupply.ss_one_two_endpoint_mod_disjoint;Recaman.TwoSSPeriodicSupply.two_SS_clean_endpoint_mod_order;Recaman.TwoSSPeriodicSupply.periodic_twoSS_Sended_capacity;Recaman.TwoSSPeriodicSupply.periodic_one_two_SS_Sended_joint_capacity;Recaman.TwoSSPeriodicSupply.window_covers_all_phases;Recaman.TwoSSPeriodicSupply.emod_eq_shift;Recaman.TwoSSPeriodicSupply.periodic_window_covers_subtraction;Recaman.TwoSSPeriodicSupply.ss2_window_covers_all_subtractions_of_p_le_eleven	A counterexample to periodic SS=2 modular endpoint injectivity or collision with SS=1
E-184	PROVED-LEAN	issue #73, gate T6 (SS=2 endpoint rigidity)	SS=2 windows cannot share endpoints with other SS=2 windows or earlier SS>=1 windows; earlier sharing requires clean SS=0, and intervening words of length <=12 have P2 prefixes; intervening word separation k between shared endpoints must satisfy k = 0 (mod 4) and k ≥ 4; all P2 words have length = 3 (mod 4)	Recaman/TwoSSEndpoint.lean	Recaman.TwoSSEndpoint.ssCount_two_shared_endpoint_clean;Recaman.TwoSSEndpoint.intervening_word_data;Recaman.TwoSSEndpoint.stream_ssCount_two_shared_endpoint_clean;Recaman.TwoSSEndpoint.stream_ssCount_two_later_ge_four;Recaman.TwoSSEndpoint.stream_earlier_ss_pos_obstruction;Recaman.TwoSSEndpoint.stream_no_two_SS_shared_endpoint;Recaman.TwoSSEndpoint.two_SS_endpoint_injective;Recaman.TwoSSEndpoint.ss_one_two_no_shared_endpoint;Recaman.TwoSSEndpoint.mass_zero_length_even;Recaman.TwoSSEndpoint.poly_id1;Recaman.TwoSSEndpoint.poly_id2;Recaman.TwoSSEndpoint.mul_id;Recaman.TwoSSEndpoint.moment_plus_length_zero_mod_four;Recaman.TwoSSEndpoint.intervening_length_mod_four;Recaman.TwoSSEndpoint.no_intervening_of_mod_four_two;Recaman.TwoSSEndpoint.intervening_length_ge_four;Recaman.TwoSSEndpoint.stream_shared_endpoint_time_mod_four;Recaman.TwoSSEndpoint.stream_shared_endpoint_time_ge_four;Recaman.TwoSSEndpoint.poly_id3;Recaman.TwoSSEndpoint.p2_length_mod_four_eq_three;Recaman.TwoSSEndpoint.stream_p2_lag_mod_four_eq_three;Recaman.TwoSSEndpoint.no_intervening_witness_two;Recaman.TwoSSEndpoint.no_intervening_witness_four;Recaman.TwoSSEndpoint.no_intervening_witness_six;Recaman.TwoSSEndpoint.no_intervening_witness_eight;Recaman.TwoSSEndpoint.no_intervening_witness_ten;Recaman.TwoSSEndpoint.intervening_witness_twelve;Recaman.TwoSSEndpoint.intervening_twelve_has_p2_prefix;Recaman.TwoSSEndpoint.mem_bitWords;Recaman.TwoSSEndpoint.p2_length_odd;Recaman.TwoSSEndpoint.no_ss2_p2_one;Recaman.TwoSSEndpoint.no_ss2_p2_three;Recaman.TwoSSEndpoint.no_ss2_p2_five;Recaman.TwoSSEndpoint.no_ss2_p2_seven;Recaman.TwoSSEndpoint.no_ss2_p2_nine;Recaman.TwoSSEndpoint.ss2_length_ge_eleven;Recaman.TwoSSEndpoint.stream_ss2_lag_ge_eleven;Recaman.TwoSSEndpoint.ss2_subtractions_ge_five	A counterexample to SS=2 endpoint rigidity or a minimal SS=2 window sharing an endpoint with an SS<=1 window
E-183	PROVED-LEAN	wrap-ss-accounting	正の周期質量を持つ周期符号語の任意P2 lag d=qp+rに対し、q*periodMass ≤ ssCount(past r)+2 ≤ ssCount(past d)+2。特にd/p ≤ ssCount+2かつd<(ssCount+3)pとなり走査界をシャープ化	Recaman/WrapSSBound.lean	Recaman.WrapSSBound.mass_lower_ssCount;Recaman.WrapSSBound.wrap_ss_remainder_bound;Recaman.WrapSSBound.wrap_ss_bound;Recaman.WrapSSBound.wrap_ss_accounting;Recaman.WrapSSBound.quot_le_of_positive_periodMass;Recaman.WrapSSBound.lag_le_of_positive_periodMass;Recaman.WrapSSBound.lag_lt_of_positive_periodMass	P2 lag上界の精密化。E-181のp(p+1)をssCount依存に強化。容量不等式そのものには触れない
E-182	COMPUTED	tight-seam-pumping	tightブロック同士の接着はnet余剰を作らない。全回転を含む792ブロックの対627,264件と189ブロックの三つ組6,751,269件、周期40まででnet>0は0	docs/data/issue73_20260911/capacity_extremal/seam_pumping.txt	-	有限。周期31超の網羅ではない。superadditivityの反証でもない
E-181	PROVED-LEAN	periodic-supply-scan-bound	正の周期質量だけから、後退部分和のdrift則 g(l)=g(l-p)+sigma により任意lagの供給探索が d<=p(p+1) の有限検査に落ちる。「このphaseはどのlagでも供給されない」がkernel検査可能になった	Recaman/PeriodicSupplyBound.lean	Recaman.PeriodicSupplyBound.supply_lag_bound;Recaman.PeriodicSupplyBound.unsupplied_of_bounded_check;Recaman.PeriodicSupplyBound.no_return_of_large	周期性と正の周期質量以外の仮定なし。E-116/E-117のlag上界をこの形で独立に導出。容量不等式そのものには触れない
E-180	REFUTED	collision-slack-linear	自己強化 slack>=c（c=|U|-oldest-S像の大きさ）は偽。周期18のAAAASSAAAASAAASSSS（|U|=6,|D|=7,c=2,slack=1）と周期21のAAASASAASAAASSSAAASSS。独立な直和計算で再検証	docs/data/issue73_20260911/capacity_extremal/verify_counterword.txt	-	衝突課金を線形に支払う案は停止。E-070自体の反証ではない
E-179	COMPUTED	high-ss-local-donation	U_high非空なら slack>=1（周期10..31）。さらに局所形T6：高SS窓は自分の内部から削除可能なSを必ず供出する。周期8..22の53,000超の語で例外0、しかも各語の全高SS窓が供出	docs/data/issue73_20260911/capacity_extremal/local_surplus.txt	-	有限診断。T6のLean証明が次のgate。ssCount=2の最小形から始める
E-178	COMPUTED	forced-charge-on-tight	tight語では局所二部グラフの完全マッチングが一意。周期8..22の336語すべてで1個、強制辺1,110本は1,110本ともE-069のoldest-S先と一致し、窓の最古位置も1,110本ともS	docs/data/issue73_20260911/capacity_extremal/forced_matching.txt	-	selector探索は終了。oldest-Sは等号側で強制、slack側でのみ反証される
E-177	COMPUTED	tight-implies-low-ss	|U|=|D|を達成する語の最小供給窓はすべてssCount<=1。周期8..31でtightかつ高SS窓を持つ語は0。E-070の等号側はE-128の既証明クラスの内側にある	docs/data/issue73_20260911/capacity_extremal/capacity_extremal.txt	-	有限。E-070の残りは狭義不等式のみという含意は論理的、証明ではない
E-176	COMPUTED	periodic-capacity-sharpness	|U|<=|D|は全周期で sharp。等号を達成する正符号和語が各周期に存在し、等号を達成する最大|D|は周期20で6まで増える。S希薄語だけの現象ではない	docs/data/issue73_20260911/capacity_extremal/tight_density.txt	-	有限。等号の存在はslackを使う証明方針を排除するが、E-070の証明にはならない
E-175	COMPUTED	periodic-capacity-exhaustion-31	周期31までの全正符号和語（necklace代表で網羅）で|U|<=|D|違反0、U=A違反0、局所Hallマッチング飽和（p<=31）。周期19..22の語数3,487,066がE-081と一致	docs/data/issue73_20260911/capacity_extremal/capacity_extremal.txt	-	horizon延長のみではlabelを上げない。E-066のp<=16、E-081のp<=22、H-20260907-09のp<=18を超える範囲
E-174	PROVED-LEAN	ss2-sss-tail-noss	ssCount=2でSSS始まりなら尾はssCount=0かつSで始まらない。孤立SS始まり8件のSSS+(SA)*に対応	Recaman/OnePerRun.lean	Recaman.OnePerRun.ss2_SSS_tail	P2もNoSAASも未使用。残る7件のSS(SA)*はE-173
E-173	COMPUTED	isolated-ss-start-words	標準10^7の孤立singleton SS始まり15件。8件はgap1でSSS(SA)*、7件はSS(SA)*でgap∈{17,35,41,73,177,273,749}（すべて≥17の奇数）	docs/data/issue73_20260910/two_ss/orbit_iso_ss_words.txt	-	有限。gap≥17は軌道。課金再開ではない
E-172	PROVED-LEAN	nosaas-ss-gap-six-form	NoSAASかつssCount=2ならSS間隔6の内部はAAAA、つまり局所形はSSAAAASS。P2は未使用。gap 6のP2不可能性は未了	Recaman/OnePerRun.lean	Recaman.OnePerRun.noSAAS_ss_gap_six_form;Recaman.OnePerRun.ssCount_prefix_gap_six	P2を足しても孤立Sを許す。E-154のgap6=0は軌道
E-171	COMPUTED	ss2-a0-gap-not-word	最小NoSAAS SS=2 a=0の自由語は長さ≤23でgap 3が48、gap 7が43。E-154の欠落{3,7}は軌道の性質であり語の定理ではない。例 SASAAASSAAASASS	docs/data/issue73_20260910/two_ss/ss2_a0_gaps_min.txt	-	課金再開ではない。gap 4はE-170。gap 6のNoSAAS P2は長さ23まで0で未証明
E-170	PROVED-LEAN	nosaas-ss-gap-four	NoSAASのもとでSS間隔4はssCount≥3。内部AAはSAAS、内部Sは第三のSS。E-155のgap2に続く局所禁止	Recaman/OnePerRun.lean	Recaman.OnePerRun.noSAAS_ss_gap_four;Recaman.OnePerRun.ssCount_prefix_gap_four	P2も最小性も未使用。gap 3,6,7は未排除
E-169	PROVED-LEAN	p2-leading-le-ss-plus-one	ssCount≥1のP2語の先頭A runはssCount+1以下。NoSAAS不要。等号 a=SS+2 は extraAs=0・v=0 の eqGaps 族で 2·moment=-2(m²-1)-2·eqOddSum≤-6	Recaman/SSGapBudget.lean	Recaman.SSGapBudget.eqGaps_not_P2;Recaman.SSGapBudget.ss_eq_family_not_P2;Recaman.SSGapBudget.p2_leading_le_ssCount_succ;Recaman.SSGapBudget.twice_moment_eqGaps	SS=0のAAS等号は残る。a=SS+1は未排除（SS=2のa=3 companionが実例）
E-168	PROVED-LEAN	p2-leading-le-ss-plus-two	P2かつSを含む語の先頭A runはssCount+2以下。NoSAAS不要。質量のexact予算 a+v+extraAs=SS+2 のみ	Recaman/SSGapBudget.lean	Recaman.SSGapBudget.every_P2_exact;Recaman.SSGapBudget.p2_leading_le_ssCount	等号 a=SS+2 はE-169でssCount≥1なら閉じた
E-167	PROVED-LEAN	ss3-lead-lt-five	P2かつssCount=3なら先頭A runは5未満。NoSAAS不要。a≥6は質量予算、a=5はE-164族。残る軌道は0,1,3,4（E-162）	Recaman/SSGapBudget.lean	Recaman.SSGapBudget.ss3_not_lead_five;Recaman.SSGapBudget.ss3_leading_run_lt_five	最小性は未使用。E-070ではない
E-166	PROVED-LEAN	ss2-lead-lt-four	P2かつssCount=2なら先頭A runは4未満。NoSAAS不要。a≥5は質量予算、a=4はE-160族。E-132と合わせて残る先頭は0,1,3。軌道E-158と一致	Recaman/SSGapBudget.lean	Recaman.SSGapBudget.ss2_not_lead_four;Recaman.SSGapBudget.ss2_leading_run_lt_four;Recaman.SSGapBudget.ss2_prefix_A_run	最小性は未使用。a=2の非最小P2はE-132の範囲外。E-070ではない
E-165	PROVED-LEAN	nosaas-ss3-lead-lt-five	NoSAASかつP2かつssCount=3なら先頭A runは5未満。a≥6はE-126、a=5はE-164族へ接着。残る0,1,3,4は軌道E-162と一致	Recaman/SSGapBudget.lean	Recaman.SSGapBudget.noSAAS_ss3_not_lead_five;Recaman.SSGapBudget.noSAAS_ss3_leading_run_lt_five;Recaman.SSGapBudget.three_zero_gaps_form	最小性は未使用。NoSAASなしはE-167で閉じた
E-164	PROVED-LEAN	a5-nosaas-family-not-P2	先頭A=5・zero-gap 3・rest 1・v=0 の族 gapWord 5 (a5Gaps p q r s) は 2·moment=-30-14p-10q-6r-2s≤-30でP2でない。SS=3のE-126等号 a=5 の候補形	Recaman/SSGapBudget.lean	Recaman.SSGapBudget.two_gapWeight_a5;Recaman.SSGapBudget.twice_moment_a5_family;Recaman.SSGapBudget.a5_family_not_P2	任意のa=5語への接着は未了。軌道ではa=5は0（E-162）
E-163	COMPUTED	ss4-leading-run-hist	標準10^7のSS=4最小P2の先頭runはa=0が16,363、a=1が10、a=2が0、a=3が79、a=4が3、a≥5が0。E-126のa≤6より狭い	docs/data/issue73_20260910/two_ss/orbit_ss4_lead_hist.txt	-	有限。a=5,6の一般排除は未証明
E-162	COMPUTED	ss3-leading-run-hist	標準10^7のSS=3最小P2の先頭runはa=0が21,613、a=1が23、a=2が0、a=3が37、a=4が54、a≥5が0。E-126のa≤SS+2=5と整合し、a=4はSS=2と違って存在する	docs/data/issue73_20260910/two_ss/orbit_ss3_lead_hist.txt	-	有限。a=5の一般排除はE-126のa≤5。E-070ではない
E-161	PROVED-LEAN	nosaas-ss2-lead-lt-four	NoSAASかつP2かつssCount=2なら先頭A runは4未満。a≥5はE-159、a=4はE-160族へ接着してmoment≤-8。残る先頭runは0,1,3（a=2はE-132）。軌道E-158と一致	Recaman/SSGapBudget.lean	Recaman.SSGapBudget.noSAAS_ss2_not_lead_four;Recaman.SSGapBudget.noSAAS_ss2_leading_run_lt_four;Recaman.SSGapBudget.noSAAS_ss2_prefix_A_run;Recaman.SSGapBudget.two_zero_gaps_form	最小性は使っていない。NoSAASなしはE-166で閉じた。E-070ではない
E-160	PROVED-LEAN	a4-nosaas-family-not-P2	先頭A=4・内部gapが0/1でzero-gapちょうど2・末尾v=0の族 gapWord 4 (a4Gaps p q r) は 2·moment=-16-10p-6q-2r≤-16でP2でない。E-126がa=4に強制する形のmoment障害	Recaman/SSGapBudget.lean	Recaman.SSGapBudget.two_gapWeight_a4;Recaman.SSGapBudget.twice_moment_a4_family;Recaman.SSGapBudget.a4_family_not_P2	任意のa=4語がこの族であることの接着は未了。NoSAASなしは未排除
E-159	PROVED-LEAN	nosaas-ss2-lead-lt-five	NoSAASかつP2かつssCount=2なら先頭A runは5未満。E-126のa+v+2B≤4とgapWordの先頭A数一致から。残る可能性は0,1,3,4（a=2はE-132）。軌道のa≥4は0（E-158）	Recaman/SSGapBudget.lean	Recaman.SSGapBudget.leading_run_eq_gap_a;Recaman.SSGapBudget.noSAAS_ss2_leading_lt_five	a=4は未排除。NoSAASなしのAAAA始まりは未排除。E-070ではない
E-158	COMPUTED	ss2-leading-run-only-013	標準10^7のSS=2最小P2の先頭A runはa=0が52,198、a=1が11、a=2が0、a=3が148、a≥4が0。抽象語長さ15,19,23,27,31でAAAA始まりの最小SS=2は0。一般禁止は未証明	docs/data/issue73_20260910/two_ss/orbit_ss2_lead_hist.txt	-	有限。a≥4の一般排除はCONJECTURED。E-132はa=2のみ禁止
E-157	COMPUTED	isolated-singleton-start-SA	標準10^7の孤立singleton SS=2は52,178/52,193がSA始まり、15件だけSS始まり。first-SS課金の再開ではない	docs/data/issue73_20260910/two_ss/orbit_iso_start.txt	-	有限診断。15件のSS始まりはgap5列とは別
E-156	PROVED-LEAN	reverse-nested-extra-mass-moment	連続逆入れ子のP2はSS数によらず extra が mass1 かつ moment=1-|v|。高SSのgap1組（E-152）とSS=3 extra（E-143）が満たす恒等式	Recaman/NoSSMassOne.lean	Recaman.NoSSMassOne.consecutive_reverse_extra_mass_moment	NoSSでも最小性でもない。E-070ではない
E-155	PROVED-LEAN	ss-gap-two-is-three	SS辺の間隔2はSSSSを強制しssCount≥3。従ってssCount=2ではgap2は不可能。E-154のgap2=0はこの定理の軌道側	Recaman/OnePerRun.lean	Recaman.OnePerRun.ssCount_prefix_SSSS;Recaman.OnePerRun.ss_gap_two_has_three	一般のgap3,4,6,7の排除ではない。E-070ではない
E-154	COMPUTED	isolated-singleton-ss-gap	標準10^7の孤立singleton SS=2は52,193件。SS辺の間隔はgap1（重なりSSS）40,434、gap5が10、gap≥8が11,749。gap 2,3,4,6,7は0。gap5は2941..2945と1032855..1032861の交互singleton列を含む	docs/data/issue73_20260910/two_ss/orbit_iso_ss_gap.txt	-	有限診断。gap 3,7は自由語で存在（E-171）。gap 2はE-155、gap 4はE-170。課金再開ではない
E-153	COMPUTED	minWord-period-empty-U	minWord r（r=0..19）を周期符号にすると lag≤4p で U=0。equality-family old/new と (SA)^k minWord も |U|≤|D| かつ U≠A。E-067反例ではない	docs/data/issue73_20260910/two_ss/e070_equality_period.txt	-	有限族。全periodのE-067/E-070ではない
E-152	COMPUTED	high-ss-run-pairs	標準10^7でSS≥64の最小P2が同一A runに2件ある組は20。うち18はgap=1でextra mass1・moment=1-|v|（SS仮説なしの接着恒等式）だがextra_ss>0。2件はgap=2でextra mass3	docs/data/issue73_20260910/two_ss/orbit_high_ss_viol.txt	-	有限診断。E-140のNoSS仮定は高SS extraでは失敗する。E-070ではない
E-151	PROVED-LEAN	isolated-start-later-clean	孤立先頭でA runが長さ≥3ならt+2はclean lag-3（ssCount=0）。E-135のSS数を明示。標準10^7のclean同士run違反41件はこの形（E-150）	Recaman/TwoSSLeadingSibling.lean	Recaman.TwoSSLeadingSibling.ssCount_AAS;Recaman.TwoSSLeadingSibling.isolated_start_later_is_clean	容量単射ではない。E-127はSS1のみ。E-070ではない
E-150	COMPUTED	min-p2-ss-histogram	標準10^7の最小P2 1,315,896件。SS0=921,809（lead2=2,337がAAS）、SS1=70,375でone-per-run 0（E-127と整合）。同じSSのrun違反はSS0が41（41/41がgap2のE-135）、SS3が6。SS≥64バケットの20は異なる高SSの同一run（E-152）。SS2とSS4..63は0。lead2はSS0以外すべて0	docs/data/issue73_20260910/two_ss/orbit_ss_hist.txt	-	有限診断。SS0の41はE-135がclean孤立先頭へ適用された形。確認はorbit_clean_run.txt
E-149	COMPUTED	ss4-orbit-census	標準10^7のSS=4最小P2は16,455件。lead0 16,363、lead1 10、lead2 0、lead≥3 82。one-per-run違反0（SS=3の6件と異なる）。窓がS終わり13,342	docs/data/issue73_20260910/two_ss/orbit_ss4.txt	-	有限診断。SS=4にone-per-runを外挿しない
E-148	COMPUTED	isolated-a0-nonsingleton-E135	標準10^7の孤立a=0でnext_is_Aの5件はすべてA run長さ3。t+1はP2なし、t+2はclean lag-3（AAS, lead2）、t+3はS。E-135の実例。長さ≥4のrun先頭の孤立SS=2は0	docs/data/issue73_20260910/two_ss/orbit_iso_next.txt	-	有限診断。直前S課金の再開ではない。E-135の軌道側
E-147	COMPUTED	ss2-sa-minword-glue-absent	標準10^7のSS=2最小窓に、prefixがmass0 moment−1 ss2かつsuffixが(SA)^k++minWordの組は0。suffixパターン自体は128,091,635件あるがglue条件を満たさない	docs/data/issue73_20260910/two_ss/orbit_ss2_sa_minword.txt	-	有限診断。抽象ではE-142のk=0対が最小。E-070ではない
E-146	PROVED-LEAN	sa-prefixed-minWord	(SA)^k ++ minWord r は MassOneNoSS。moment は 3k−r、ssCount 0、2M+n=3+8k。標準10^7のSS=3 extra 6件はこの族（k,r）=(25,96),(2,267),(249,832),(4,361),(590,2583),(335,1674)	Recaman/NoSSMassOne.lean	Recaman.NoSSMassOne.sa_prefixed_minWord;Recaman.NoSSMassOne.sa_prefixed_minWord_moment;Recaman.NoSSMassOne.sa_prefixed_minWord_ssCount;Recaman.NoSSMassOne.sa_prefixed_minWord_slack	族の存在はLean。6件がこの形であることは有限軌道（E-143）。E-070ではない
E-145	PROVED-LEAN	noss-mass1-classification	NoSS mass1語は[A]、minWord r、またはAS/SA前置。AS前置はA始まりの語に限る。2M+n=3+8k+4a。E-140の再帰と一致。軌道のSS=3 extraはSA前置（a=0）	Recaman/NoSSMassOne.lean	Recaman.NoSSMassOne.MassOneNoSS;Recaman.NoSSMassOne.massOneNoSS_mass;Recaman.NoSSMassOne.massOneNoSS_ssCount;Recaman.NoSSMassOne.massOneNoSS_NoSS;Recaman.NoSSMassOne.noss_mass_one_classify;Recaman.NoSSMassOne.massOneNoSS_slack	分類であり容量ではない。E-070ではない
E-144	COMPUTED	ss2-minword-extra-absent	標準10^7のSS=2最小窓52,357件のうち長さ3r+4（minWord接着の必要長）は17,443件、minWord suffixは0。lead=1は11件ですべてASA始まり（抽象ではASSも70語存在）	docs/data/issue73_20260910/two_ss/orbit_ss2_minword.txt	-	有限診断。minWord extraの一般排除ではない
E-142	REFUTED	unrestricted-one-per-run	抽象履歴で連続Aの最小P2 SS=2は無制限one-per-runに反する。v=SSAAASAASSにminWord 9を接着したold長さ31とnew=ASSAAASAASSはともに最小P2 SS=2。族のP2/SS恒等式もLean。標準10^7のSS=2違反0は別事実	Recaman/OnePerRunCounterexample.lean	Recaman.OnePerRunCounterexample.reverse_nested_mass_moment;Recaman.OnePerRunCounterexample.reverse_nested_identities;Recaman.OnePerRunCounterexample.equality_glue;Recaman.OnePerRunCounterexample.newWord_min;Recaman.OnePerRunCounterexample.oldWord_min;Recaman.OnePerRunCounterexample.unrestricted_one_per_run_false	軌道上のSS=2 one-per-runやE-070の反証ではない。入れ子と短い残りE-137/E-140は残る
E-143	COMPUTED	ss3-reverse-nested-extra	標準10^7のSS=3 one-per-run違反6件はすべてgap=1の逆入れ子。extraはNoSS mass1でmoment=1-|v|（E-140等式条件）。先頭はSAでminWord（AA始まり）ではない。後窓はすべて先頭Aが4以上	docs/data/issue73_20260910/two_ss/orbit_ss3_extra.txt	-	有限6件。SS=2のminWord族とは別の長いSA残り。課金再開ではない
E-135	PROVED-LEAN	isolated-start-clean-sibling	e(t-1)=Sかつt,t+1,t+2がAならt+2の長さ3過去はAASでP2。孤立a=0が長さ≥3のA runの先頭ならt-1はE-128端点。E-132の双対	Recaman/TwoSSLeadingSibling.lean	Recaman.TwoSSLeadingSibling.past_three_eq;Recaman.TwoSSLeadingSibling.isolated_start_clean_sibling	容量単射ではない。直前S課金の失敗理由。E-070ではない
E-136	REFUTED	isolated-a0-previous-S	孤立a=0のφ(t)=t-1は周期13でlow-SS端点と衝突。標準10^7で3950件。singleton Aへの1回修理は発見1..16違反0、holdout17で51件衝突し停止	docs/HYPOTHESIS_CARD_2026-09-10_ISOLATED_A0.md	-	同じ直前S課金の再修理はしない。双対はE-135
E-137	PROVED-LEAN	nested-k1-one-per-run	Aで始まるP2 SS=2窓の尾にSS=2のP2 prefixは無い。先頭Aがk≥2なら尾のSS=2 prefixは残りmass≤-2でNoSS下界に反する。距離2ならrunはさらに前へ伸びる	Recaman/OnePerRun.lean	Recaman.OnePerRun.ssCount_append;Recaman.OnePerRun.mass_neg_one_form;Recaman.OnePerRun.no_ss2_P2_in_A_started_tail;Recaman.OnePerRun.no_ss2_P2_in_long_A_tail;Recaman.OnePerRun.consecutive_not_both_ss2_nested;Recaman.OnePerRun.gap_two_requires_earlier_A	前窓が後尾より長いcase5は未証明。E-070ではない
E-138	COMPUTED	one-per-run-case5-scan	min SS=2語長さ11..23で、後窓=A++前窓の真prefixとなる組は0。周期1..18と標準10^7のone-per-run違反0はE-134と整合	docs/data/issue73_20260910/two_ss/one_per_run_k1_extend.txt	-	有限検査。長い前窓の一般証明ではない
E-139	COMPUTED	isolated-a0-canonical-shape	標準10^7の孤立a=0は52,198件。NoSAAS 52,198、SAAS 0、singletonまたは末尾 52,193、SSSあり 40,438、窓がS終わり 19,095、lag11は0	docs/data/issue73_20260910/two_ss/orbit_iso_shape.txt	-	有限軌道。NoSAAS+singletonへの課金再開は第2修理として停止済みE-136に含めない
E-141	COMPUTED	ss3-orbit-census	標準10^7のSS=3最小P2は21,727件。lead0 21,613、lead1 23、lead2 0、lead≥3 91。one-per-run違反6件。SS=2の0件とは異なる	docs/data/issue73_20260910/two_ss/orbit_ss3.txt	-	有限診断。SS=3にone-per-runを外挿しない
E-140	PROVED-LEAN	noss-mass1-moment-bound	NoSS mass1は2·moment+length≥3。等号はAA(SA)^r S。case5の残りがmass1 NoSSでmoment=1-|v|ならlength extra≥2|v|。短い前窓は不可能	Recaman/NoSSMassOne.lean	Recaman.NoSSMassOne.minWord_mass;Recaman.NoSSMassOne.minWord_moment;Recaman.NoSSMassOne.noss_mass_one_moment_bound;Recaman.NoSSMassOne.minWord_sharp;Recaman.NoSSMassOne.case5_remainder_too_negative;Recaman.NoSSMassOne.nested_reverse_short_impossible;Recaman.NoSSMassOne.consecutive_reverse_short_impossible	joinがSSの長い残りは未証明
E-132	PROVED-LEAN	two-ss-leading-run-sibling	最小P2でlag>3なら先頭AAS禁止。先頭A runがa≥3なら同じrunのt-(a-2)がclean lag-3（AAS）。標準sign114はa=3で113が兄弟。newest-SがE-128と衝突する理由。SS=2のS単射ではない	Recaman/TwoSSLeadingSibling.lean	Recaman.TwoSSLeadingSibling.p2_AAS;Recaman.TwoSSLeadingSibling.min_P2_not_prefix_AAS;Recaman.TwoSSLeadingSibling.stream_min_not_prefix_AAS;Recaman.TwoSSLeadingSibling.drop_take_three;Recaman.TwoSSLeadingSibling.leading_run_clean_sibling;Recaman.TwoSSLeadingSibling.canonical_clean_sibling;Recaman.TwoSSLeadingSibling.canonical_newest_S	共同容量E-070ではない。a=0の孤立SS=2配分が次のunit
E-133	REFUTED	two-ss-named-charges	SS=2最小窓のoldest-S単射は周期16で偽（AAASSSASASAと長窓が同一oldest S、SAASあり）。newest-Sは標準114/113でE-128のlag-3端点と衝突。first-SSは周期13から衝突。直接拡張と名前付き4課金を停止	docs/HYPOTHESIS_CARD_2026-09-10_TWO_SS_OLDEST_S.md	-	同じ課金の定数修理はしない。新しい共同履歴不等式はE-132。E-070の反証ではない
E-134	COMPUTED	two-ss-orbit-leading-census	標準10^7のSS=2最小供給52,357件。one-per-run違反0。companion a≥3が148件で兄弟AASは148/148。孤立a=0が52,198件・a=1が11件・a=2は0。周期1..18もone-per-run違反0	docs/data/issue73_20260910/two_ss/orbit_ss2_leading.txt	-	有限診断。one-per-runの一般証明と孤立a=0のS配分は未証明
E-131	PROVED-LEAN	shared-endpoint-repetition-budget	共通端点0を持つm+1個の増加する現在A・P2窓は最大窓にSS≥2mを強制。全Kの共通NoSAAS履歴で2K等号、各source符号と端点一致を認証。族はk>0で非最小窓	Recaman/EndpointRepetitionBudget.lean	Recaman.EndpointRepetitionBudget.stream_SS_increment;Recaman.EndpointRepetitionBudget.repeated_endpoint_budget;Recaman.EndpointRepetitionBudget.sharp_common_history;Recaman.EndpointRepetitionBudget.sources_distinct;Recaman.EndpointRepetitionBudget.common_endpoint_position;Recaman.EndpointRepetitionBudget.family_nonminimum	任意P2選択の定数多重度はないが最小窓の反例ではない。異なる端点間のSS重複とS容量への接続は未証明
E-128	PROVED-LEAN	low-SS-joint-endpoint-capacity	任意周期のSS≤1 P2供給A数≤S数。S-ended prefixを導出して端点へ単射。clean/SS1を共同計数しNoSAAS・最小lag・正mass・lag上限を仮定しない	Recaman/LowSSPeriodicSupply.lean	Recaman.LowSSEndpoint.moment_ending_A;Recaman.LowSSEndpoint.lowSS_S_prefix;Recaman.LowSSEndpoint.stream_S_witness;Recaman.LowSSEndpoint.endpoint_injective;Recaman.LowSSPeriodicSupply.periodic_lowSS_capacity;Recaman.LowSSPeriodicSupply.periodic_clean_oneSS_capacity;Recaman.LowSSPeriodicSupply.positive_period_requires_two_SS	全SS容量E-070と旧shortとの和集合は未証明。SS≥2に新しい共同履歴不等式が必要
E-129	COMPUTED	low-SS-endpoint-audit	全binary周期1..22の8,388,606語で端点違反0。標準10^7で992,184件75.39988%の有限P2供給がlow-SS。旧範囲外70,208件、旧short対象外7件	docs/LOW_SS_ENDPOINT_CAPACITY_2026-09-10.md	-	有限検査は証明ではない。旧shortとの和集合容量や無限軌道の割合を主張しない
E-130	REFUTED	two-SS-prefix-normalization	SS≤2へのS-ended P2 prefix正規化は標準step115で偽。実窓AAASSSASASAは最小lag11・SS2・NoSAAS、現在114と最古端103がA。S-ended prefixなしをLean認証	Recaman/CanonicalLowSSBoundary.lean	Recaman.CanonicalLowSSBoundary.canonical_window;Recaman.CanonicalLowSSBoundary.canonical_minimum;Recaman.CanonicalLowSSBoundary.two_SS_and_NoSAAS;Recaman.CanonicalLowSSBoundary.current_and_endpoint_A;Recaman.CanonicalLowSSBoundary.no_S_ended_prefix	同じ正規化の直接拡張はSTOPPED。E-070自体の反証ではなくSS≥2には別の共同割当が必要
E-127	PROVED-PAPER	one-SS-run-capacity	任意NoSAAS符号列の各A runにはSS1最小P2供給が高々1個。二族のgap4/gap3は同一履歴のS-ended prefixとして比較不能。全周期・全massでSS1供給数≤A run数≤S数	docs/ONE_SS_RUN_CAPACITY_2026-09-10.md	-	E-121紙上分類によるrun命題はLean未実装。clean/SS1共同容量は独立のE-128でLean閉鎖、旧shortとの和集合は未解決
E-126	PROVED-LEAN	all-SS-gap-budget	任意mass1符号語のgap余剰は端A数と合わせSS数+2。NoSAASなら全enlarged内部gap数Bにa+v+2B≤SS+2。任意P2語への表現と実SS数の接続を証明	Recaman/SSGapBudget.lean	Recaman.SSGapBudget.exact_word_budget;Recaman.SSGapBudget.large_gap_budget;Recaman.SSGapBudget.enlarged_gap_budget;Recaman.SSGapBudget.every_P2_budget;Recaman.SSGapBudget.noSAAS_premise_control;Recaman.SSGapBudget.noSAAS_p2_leading_le_ssCount	全SS数を一式で制限するが複数窓間の共同S配分は未証明。E-070ではない
E-125	COMPUTED	canonical-one-SS-family-B	標準step96,911,838にfamily B ASASASAAASSの最小P2 lag11。C++ bitsetとPython dense-byte全prefix replayが一致し10^7の不在からの一般化を反証	docs/data/issue73_20260910/verify_canonical_family_b.txt	-	B除外は停止。全射性や全容量の反例ではなく実到達型の範囲修正
E-124	REFUTED	one-SS-family-B-seeded-exclusion	任意有限履歴のgreedy更新でBを排除する案はclock10,value100のexact seedで偽。12符号・最小lag11・NoSAAS・SS1をLean認証	Recaman/OneSSSeededB.lean	Recaman.OneSSSeededB.exact_values;Recaman.OneSSSeededB.exact_signs;Recaman.OneSSSeededB.family_B_window;Recaman.OneSSSeededB.current_A_and_minimum	canonical到達はこのseed証明から主張しない。E-125で独立に実軌道を検証
E-123	COMPUTED	canonical-shared-SS-demand	標準10^7でSS1最小供給70,375件。SS pair546個、同じpairの需要最大2,796。全窓が二族分類のAに一致しBはこの範囲では0	docs/data/issue73_20260910/orbit_one_ss_census.txt	-	固定SS枠では払えない。Bの0件はE-125で範囲依存と判明
E-122	PROVED-LEAN	unbounded-one-SS-demand	Wk=(SA)^k SAAAASS (AS)^(3k)は最小P2 lag8k+7。共通NoSAAS有限履歴でK+1個の異なる現在Aが同じ唯一SSを跨ぐ。任意定数SS予算を超える	Recaman/OneSSMultiplicity.lean	Recaman.OneSSMultiplicity.window_minimum;Recaman.OneSSMultiplicity.window_noSAAS;Recaman.OneSSMultiplicity.finite_history_certificate;Recaman.OneSSMultiplicity.shared_SS_location;Recaman.OneSSMultiplicity.unbounded_SS_demand;Recaman.OneSSMultiplicity.window_S_budget	総S容量への反例ではない。周囲の交互S区間の共同配分が必要
E-121	PROVED-PAPER	one-SS-minimum-gap-classification	NoSAASかつSS1の最小P2窓はgap4族A n=6j−2z+1とgap3族B n=4j−2z+1の二つ。完全分類・一般最小性は紙上、全パラメータ族P2とgap代数はLean	docs/ONE_SS_CLASSIFICATION_2026-09-10.md	-	分類だけで容量や単射は出ない。紙上分類をPROVED-LEANとは呼ばない
E-120	PROVED-LEAN	finite-seed-eventual-periodic-supply	任意有限Stateと任意開始clockの実SeededReplayがeventual周期なら正massかつ各A位相に0<d<p(p+1)のP2。全初期履歴・非正候補・相対clockを明示処理	Recaman/FiniteSeedPeriodicSupply.lean	Recaman.FiniteSeedPeriodicSupply.general_finite_history_supply;Recaman.FiniteSeedPeriodicSupply.seeded_addition_obstruction;Recaman.FiniteSeedPeriodicSupply.seeded_eventual_supply;Recaman.FiniteSeedPeriodicSupply.canonical_seed_run;Recaman.FiniteSeedPeriodicSupply.canonical_seed_sign	E-065を元の全有限seed範囲でLeanへ昇格。E-067/E-070の一般組合せ証明が必要
E-119	PROVED-LEAN	nonpositive-period-value-drift	任意非負weighted walkのeventual周期massは正。負massの二次項とzero-massの位相momentを別々に排除。標準軌道のeventual周期性だけから各AのP2を導出	Recaman/NonpositivePeriodDrift.lean	Recaman.NonpositivePeriodDrift.period_mass_positive;Recaman.NonpositivePeriodDrift.canonical_eventual_mass_positive;Recaman.NonpositivePeriodDrift.canonical_eventual_supply	E-065標準軌道版は全sign sumでLean。任意有限seedへのbridgeはE-120で完了
E-118	STOPPED	phase-energy-rediscovery	周期energy Hの全A値供給不足はperiod18まで有限検査を通過。しかしH=2Sκ+定数と監査で判明し既存κの再発見。新しい支払機構なし	docs/HYPOTHESIS_CARD_2026-09-10_PHASE_ENERGY.md	-	生のenergy値支持命題は未反証だが有限通過だけで旧κ分岐を再開しない
E-117	PROVED-LEAN	canonical-natural-periodic-reduction	自然時刻N以降の周期性と最初の周期の正massだけから各A位相の0<d<p(p+1)のP2を導出。整数拡張と全q balanced反例も認証	Recaman/PeriodicTailRepresentation.lean	Recaman.PeriodicTailRepresentation.extension_agrees;Recaman.PeriodicTailRepresentation.positive_period_P2_cutoff;Recaman.PeriodicTailRepresentation.canonical_natural_eventual_supply;Recaman.PeriodicTailRepresentation.balanced_unbounded_P2	E-067全周期供給不足は未解決。非正driftと全有限seedは後続E-119/E-120で完了
E-116	PROVED-LEAN	canonical-eventual-periodic-supply	標準軌道が任意N後に正符号和の周期eへ一致すれば各A位相がP2供給を持つ。candidate成長から初期履歴・非正候補を除去し実blockerを導出	Recaman/EventualPeriodicSupply.lean	Recaman.EventualPeriodicSupply.canonical_candidate_growth;Recaman.EventualPeriodicSupply.late_A_has_P2;Recaman.EventualPeriodicSupply.every_A_phase_has_P2	E-065のcanonical正ドリフト部分。全有限seedと非正ドリフトはE-119/E-120で監査完了
E-115	PROVED-LEAN	positive-period-collision-lag	正符号和の周期p内にある任意collisionはd<(4p+4)p。明示clock閾値後はP2。任意残余語による弱履歴版と符号和0の全q反例族もLean	Recaman/PositivePeriodLag.lean	Recaman.PositivePeriodLag.repeated_word_collision_bound;Recaman.PositivePeriodLag.periodic_collision_lag_bound;Recaman.PositivePeriodLag.late_periodic_collision_P2;Recaman.PositivePeriodLag.zero_drift_counterfamily	E-065の初期履歴排除とlate Aのblocker存在はE-116/E-120で接続済み
E-114	PROVED-LEAN	short-blocker-rigidity	任意非空符号窓のcollision式M=n(m−1)でm≠1なら4n≤d(d+4)。標準軌道のstrict短距離blockerはP2、全r等号語族と初期AA境界を認証	Recaman/ShortBlockerRigidity.lean	Recaman.ShortBlockerRigidity.nonunit_collision_bound;Recaman.ShortBlockerRigidity.canonical_short_blocker_P2;Recaman.ShortBlockerRigidity.equalityFamily_certificate;Recaman.ShortBlockerRigidity.strictness_canonical_certificate	正周期からの一様lag boundはE-115で接続済み。一般非周期long blockerは残る
E-113	PROVED-LEAN	sharp-clean-period-bound	局所clean P2は常にd<2p。現在Aなら3d+7≤4p、p偶数ではp≥6k+4、p奇数ではd+2≤p。全kのp6k+4,d8k+3等号族とcurrent S陰性対照を認証	Recaman/CleanPeriodBound.lean	Recaman.CleanPeriodBound.clean_lag_lt_twice_period;Recaman.CleanPeriodBound.sharp_current_A_bound;Recaman.CleanPeriodBound.sharpFamily_certificate;Recaman.CleanPeriodBound.current_A_premise_counterexample	clean有限探索のcutoffを証明で閉じる。dirty窓へ上限を外挿しない
E-112	REFUTED	centered-one-SS-charge	noSAAS周期SSAAAASASASAのlag15とlag7が同一Sへ衝突。標準軌道でもsign time1352と1350が1343へ衝突し、最小lagと実15符号をLean認証	Recaman/CanonicalOneSSCounterexample.lean	Recaman.OneSSChargeCounterexample.witness_noSAAS;Recaman.OneSSChargeCounterexample.centered_charge_collision;Recaman.OneSSChargeCounterexample.alternative_injection_certificate;Recaman.CanonicalOneSSWindow.canonical_window_certificate;Recaman.CanonicalOneSSCounterexample.canonical_minimum_lags;Recaman.CanonicalOneSSCounterexample.canonical_centered_collision	中央位置の調整案はSTOPPED。別matchingは可能でE-070反証ではない
E-111	PROVED-LEAN	finite-P2-blocker-semantics	有限P2は累積符号差1かつa(t)=a(u)+t+1に同値で、実際の次の加算を強制する。prefix keyの両方向を証明。t5の正値historical blockerには有限P2がない陰性対照	Recaman/FiniteP2Semantics.lean	Recaman.FiniteP2Semantics.P2_iff_prefix_key;Recaman.FiniteP2Semantics.canonical_P2_iff_height_one_blocker;Recaman.FiniteP2Semantics.finite_P2_forces_A;Recaman.FiniteP2Semantics.blocker_without_finite_P2_certificate	約70%は有限P2供給の内部割合で全加算・全blockerの割合ではない。一般容量の進展とは分ける
E-110	COMPUTED	orbit-SS-supply-census	標準10^7ステップの全有限P2供給AでSSなしと局所cleanが一致しSAAS出現0。未対象393913のうちSS1個70208、SS2個52350	docs/data/issue73_20260910/orbit_ss_census.txt	-	SS個数だけを容量資源と同一視しない。SSを跨ぐ窓の共同制約が必要
E-109	PROVED-LEAN	SS-free-canonical-supply	P2窓がSAASを含まなければSSなしと局所偶奇cleanは同値。標準軌道のSAAS禁止を実更新から接続し、有限履歴の全SS-free P2窓をclean容量へ包含。noSAASを外すlag7反例も認証	Recaman/CanonicalSSFreeSupply.lean	Recaman.SSFreeSupply.p2_noSS_iff_even;Recaman.SSFreeSupply.noSAAS_premise_counterexample;Recaman.CanonicalSSFreeSupply.canonical_noSAAS;Recaman.CanonicalSSFreeSupply.canonical_noSS_iff_clean;Recaman.SSFreePeriodicSupply.short_plus_SSFree_capacity	未対象P2窓はSSを含む。周期語ではnoSAASを明示前提として残す
E-108	COMPUTED	single-parity-defect-triage	全短・clean写像を固定した後の1偶奇欠陥窓の残余Hallはp3..18と512構造例で違反0。標準10^7の追加対象42453のみ。一般Hallは未証明、固定小欠陥数の順次拡張は停止	docs/HYPOTHESIS_CARD_2026-09-10_SINGLE_PARITY_DEFECT.md	-	再開は窓間の新不変量がある場合のみ。有限matching成功を定理にしない
E-107	COMPUTED	orbit-local-parity-coverage	標準10^7ステップの有限履歴P2供給A1315896のうち局所clean921809、全短供給との和集合921983（70.065%）。実半lag/phi7/phi11 chargeは全てSで衝突0	docs/data/issue73_20260910/orbit_local_parity_census.txt	-	有限軌道診断であり一般割合・全射性の証明ではない。未対象393913の偶奇欠陥を次に測る
E-106	PROVED-LEAN	short-local-parity-capacity	任意周期で全lag≤11供給Aとlag≥19の局所偶奇clean供給Aを同時にSへ単射課金でき、U≤11+Q≤D。全体の固定偶奇・長run・旧単射の仮定は不要	Recaman/ShortLocalParityCapacity.lean	Recaman.ShortLocalParityCapacity.global_short_offset;Recaman.ShortLocalParityCapacity.line_images_ne;Recaman.ShortLocalParityCapacity.short_plus_clean_capacity	制約なしのE-070は未解決。偶奇欠陥を持つ長窓が残る
E-105	PROVED-LEAN	local-parity-all-lag-capacity	各P2窓の正偶数offsetが全てAならlag8k+3・奇数offsetのAが1個に同値。clean lagは最小かつ唯一、半lag chargeは任意周期でSへの単射。偶奇originは窓ごとに異なってよい	Recaman/LocalParityPeriodic.lean	Recaman.LocalParitySupply.local_P2_iff;Recaman.LocalParitySupply.clean_is_minimum;Recaman.LocalParitySupply.clean_lag_unique;Recaman.LocalParityPeriodic.periodic_clean_capacity	全窓が局所cleanとは主張しない。全短供給との併用はE-106
E-104	PROVED-LEAN	parity-all-lag-periodic-capacity	全odd時刻Aの周期符号列では全lag P2供給数≤S数。P2はodd current・lag8k+3・可変偶奇のAが窓内1個に同値、lag唯一。charge(t,d)=t−(d+3)/2を構成	Recaman/ParityPeriodicSupply.lean	Recaman.ParitySupply.odd_P2_iff;Recaman.ParitySupply.P2_lag_unique;Recaman.ParityPeriodicSupply.periodic_all_lag_capacity;Recaman.ParityPeriodicSupply.parity_premise_counterexample	全体の偶奇前提を実数列に仮定しない。窓局所化と短写像との両立が次のgate
E-103	COMPUTED	orbit-supply-coverage-census	標準10^7ステップの有限履歴P2供給Aは1315896、lag≤11は3898。長run拡張対象0、供給Aの1312147は直前S。最大preceding A run5	docs/data/issue73_20260910/orbit_coverage_census.txt	-	長run最適化を停止し短run・長距離供給へ。有限P2なしを実際のblocker不在と混同しない
E-102	PROVED-LEAN	short-reservoir-capacity	全てのlag≤11供給Aと、run m≥4R+13・P2余剰≤4RのQについてU11+Q≤Dを全周期で証明。既存単射の仮定は解消。最小lag71,m17の非sharp窓を認証	Recaman/ShortReservoirCapacity.lean	Recaman.ShortReservoirCapacity.mem_shortPhases;Recaman.ShortReservoirCapacity.short_plus_bounded_excess_capacity;Recaman.ShortReservoirCapacity.nonsharp_extension_word_certificate	全lagへの未対象部分を測定し、新しい型表に戻らない
E-101	PROVED-LEAN	nested-reservoir-periodic-capacity	同A runの複数供給を未使用Sのrankで区別し、余剰≤4Rかつm≥max(3,4R+L+2)で|U|+|Q|≤D。二次閾値不要。抽象密度版はP2も不要	Recaman/NestedReservoirCapacity.lean	Recaman.NestedReservoirCapacity.density_periodic_capacity_extension;Recaman.NestedReservoirCapacity.bounded_excess_periodic_capacity_extension;Recaman.NestedReservoirCapacity.rank_charge_same_start_injective	E-100の二次閾値を容量用途では置換。未対象の短run・高密度供給は未解決
E-100	PROVED-LEAN	bounded-excess-periodic-capacity	半径Lの既存A→S単射へ、m≥max(3,R(R+1)+1,4R+L+2)のexact A runとP2余剰≤4Rを持つQを加えても|U|+|Q|≤D。QのS選択と単射性を構成	Recaman/BoundedPeriodicSupply.lean	Recaman.BoundedPeriodicSupply.periodic_capacity_extension;Recaman.BoundedPeriodicSupply.reservoir_has_unused_S;Recaman.SupplyReservoirGeometry.reservoirs_common_point_eq	全lagではない。同runの入れ子reservoirを扱えるなら二次閾値を除く
E-098	PROVED-LEAN	bounded-excess-reservoir	P2 lag≤4m−1+4Rかつ先頭m≥3のAならoffset m+1..2m−1のAは高々2R。R1,m6で等号	Recaman/BoundedExcessReservoir.lean	Recaman.BoundedExcessReservoir.bounded_excess_middle_As;Recaman.BoundedExcessReservoir.stream_middle_As;Recaman.BoundedExcessReservoir.middle_As_bound_attained_certificate	固定位置でなくS個数を容量へ接続する
E-099	REFUTED	bounded-excess-fixed-charge	余剰4でも旧charge offset m+2はAになり得る。任意m≥3の反例族をLean確認	Recaman/BoundedExcessReservoir.lean	Recaman.BoundedExcessReservoir.fixed_charge_failure	run長閾値だけで固定位置を修復しない
E-097	PROVED-LEAN	bounded-excess-multiplicity	連続A中の2供給が各4m−1から幅4R以内なら先のrun index m≤R(R+1)。R≥2で境界を実現する最小lagの族もLean	Recaman/BoundedExcessSupply.lean	Recaman.BoundedExcessSupply.stream_bounded_excess_multiplicity;Recaman.BoundedExcessSupply.bounded_excess_optimality_certificate	固定Rの供給多重度のみ。S reservoirとの結合が次のgate
E-096	PROVED-LEAN	signed-supply-gap	k個のAを挟む任意のP2 lag d,d₂は入れ子なしで(d₂−d)²≥4k(d₂−1)。k≥1ならd₂<dまたはd₂>d+4k。最小lag7→19,k=2で等号	Recaman/SignedSupplyGap.lean	Recaman.SignedSupplyGap.stream_signed_supply_gap;Recaman.SignedSupplyGap.stream_supply_square_gap;Recaman.SignedSupplyGap.stream_lag_dichotomy;Recaman.SignedSupplyGap.square_gap_equality_certificate	単調lagを復活させない。次はbounded excessの供給多重度と未使用Sの制約
E-001	CONJECTURED	global	標準Recamán数列は全射である	docs/CURRENT_FRONTIER.md	-	新しいglobal invariantまたは完全証明
E-002	PROVED-LEAN	kernel	仮想missing tailはsharp A/B residual certificateへ分解される	Recaman/SharpResidualKernel.lean	Recaman.MissingPermanentAboveTail.sharpResidualKernel	architectureとして保守
E-003	PROVED-LEAN	A-recurrence	A枝は欠損値非有界またはrigid recurrent burst streamへ縮約される	Recaman/RecurringCandidateBurst.lean	Recaman.EventualHighCandidateTail.missingUnbounded_or_burstStream	fixed-seed infinite supply no-go
E-004	PROVED-LEAN	A-divergence	candidate発散は任意の限界を超える永久欠損値を残す	Recaman/DivergentCandidateMissing.lean	Recaman.divergent_candidates_missing_unbounded	構造定理として保守
E-005	PROVED-LEAN	A-demand-birth	rigid需要の初出はsubtraction/additionへ分類されlate addition枝はclock contractionを持つ	Recaman/RecurringCandidateDemandBirth.lean	Recaman.corridor_recurringCandidate_demand_birth_classified;Recaman.corridor_recurringCandidate_late_demand_birth	consumerが現れたとき再利用
E-006	PROVED-LEAN	periodic	balanced periodのcyclic phase drift総和は-p²で負phaseが存在する	Recaman/PeriodicCandidateNoGo.lean	Recaman.balanced_periodRotations_drift_sum;Recaman.balanced_periodRotations_has_negative	finite regression theoremとして保守
E-007	PROVED-PAPER	periodic	lower floorを保つeventually-periodic candidate walkは全phaseで発散する	docs/PERIODIC_CANDIDATE_NOGO_2026-09-01.md	-	infinite-walk consumerが必要になった場合のみLean化
E-008	REFUTED	A-ancestry	closed forced-supplier ancestryとgeneric parent injectionは成立しない	docs/SUPPLY_ANCESTRY_AUDIT_2026-09-01.md	Recaman.subtractionBorn_42_forcedReuse_counterexample;Recaman.subtractionBorn_sharedParent_counterexample	非merge質量が独立に得られた場合のみ
E-009	COMPUTED	A-fixed-seed	一つの固定seedは内部需要供給つきcandidate useを3回支えられる	docs/FIXED_SEED_SUPPLY_FALSIFICATION_2026-09-01.md	-	fingerprinted seedを回帰反例として維持
E-010	CONJECTURED	A-fixed-seed	一つの有限seedから無限recurrent supply corridorは存在しない	docs/HYPOTHESIS_CARD_2026-09-01_FIXED_SEED_SUPPLY.md	-	external blocker debtまたはcanonical-only invariant
E-011	STOPPED	A-fixed-seed	ancestryとaddition-contractionを用いる現fixed-seed proof route	docs/HYPOTHESIS_CARD_2026-09-01_FIXED_SEED_SUPPLY.md	-	E対Sのcutoff-independent strict deficit
E-012	REFUTED	A-use-gap	burst payloadからlocal sqrt(6m) use gapは導けない	docs/USE_GAP_AUDIT_2026-09-01.md	Recaman.seededUseGap_local_counterexample	addition run upper boundを仮定する修理は禁止
E-013	STOPPED	B-reset	upward reset repaymentを現local payloadから導くproof route	docs/RESET_REPAYMENT_AUDIT_2026-09-01.md	-	post-reset birthを有限化するglobal invariant
E-014	CONJECTURED	partial-theorem	TailHall₃は独立したtail congestion部分定理候補である	docs/STATUS_REPORT_2026-08-30.md	-	全射性ではなくpartial theoremとしてのみ再開
E-015	STOPPED	A-external-collision	same-candidate H4/H8 external-blocker collision evaluatorは20Mまで評価母集団が空で独立再開gateにならない	docs/EXTERNAL_BLOCKER_COLLISION_EPOCH_2026-09-02.md	-	異candidateまたは固定clock windowで集約する非空なcutoff-independent debt
E-016	REFUTED	A-window-collision	異candidate間のdyadic window集約でもblocker集合Eと減算初出需要集合Sは20Mまで全17適用windowで交わらず、collision型debt設計は集約形でも死んでいる	docs/WINDOW_DEMAND_PROVENANCE_EPOCH_2026-09-02.md	-	collisionではない非collision量に対する|E|のstrict growthのみ
E-017	COMPUTED	A-demand-provenance	canonical低supplied useの減算初出需要は大半がnear-diagonal（2t≥w、window [2^23,2^24)で449中401）で、加算初出需要は約3割がtruncated birthである	docs/HYPOTHESIS_CARD_2026-09-02_WINDOW_DEMAND_PROVENANCE.md	-	near-diagonal減算sourceを許容するcanonical-only invariantのみ
E-018	PROVED-LEAN	A-demand-provenance	canonical prefixでsupplied demandのtruncated加算初出（m=5, w=6, b=3）とnear-diagonal減算初出（m=112, w=151, t=110）が存在しH-A/H-Sはkernelでも反証される	Recaman/DemandProvenanceCounterexample.lean	Recaman.truncatedBirth_suppliedDemand_counterexample;Recaman.nearDiagonalBirth_suppliedDemand_counterexample	回帰反例として維持
E-019	COMPUTED	A-fixed-seed	凍結synthesis protocolのexact seedはすべてcanonical history density（|seen|≤boundary+1、max≤upperTri boundary）に違反し、admissible seedは全深度で0件、最小超過は4値	docs/ADMISSIBLE_SEED_DENSITY_EPOCH_2026-09-02.md	-	blockerをexact prefixで生成するadmissible synthesizer、またはadmissible seedのuse数の紙上上界
E-020	COMPUTED	A-preload-free	単一初期値のgeneralized orbit 20,001本・内部供給burst use 1,272,765件にsame-candidate linkはstrict-high形でもcorridor-faithfulなc-floor形でも0件で、既知の多use反例の機構はpreloadなしでは一度も現れない	docs/GENERALIZED_ORBIT_SUPPLY_EPOCH_2026-09-02.md	-	linkを持つstartの発見、または最初のlinkがpreloaded blockerを強制する紙上証明
E-021	CONJECTURED	A-preload-free	generalized orbitにはc-floor same-candidate link（同一cの内部供給burst use 2回で中間candidateが全て≥c）が存在しない。strict-high形を含意する	docs/HYPOTHESIS_CARD_2026-09-02_GENERALIZED_ORBIT_SUPPLY.md	-	紙上証明のみを許可されたformalization route。反証は1 startで足りる
E-022	COMPUTED	A-preload-free	burst use後のstrict-high excursionは1,252,246件すべてで倍化clock 2m+2より前に崩れ（m≥100でt/m≤1.098）、preload-free orbitのcone-exterior runは約85M本のいずれも開始clockの2倍へ届かない	docs/CONE_EXCURSION_CENSUS_2026-09-02.md	-	倍化clockへ届くrunの発見。corridor（固定target床）には直接関係しない
E-023	CONJECTURED	partial-theorem	cone-exterior excursion bound：canonical orbitでs≥16から始まるa t>2t+1のrunはclock 2sへ届かない	docs/CONE_EXCURSION_CENSUS_2026-09-02.md	-	独立部分命題。反証は1 runで足りる。corridorの固定target床とは別の条件
E-024	COMPUTED	global	canonical 3e9でsub-diagonal着地は28.6%で安定、時刻nで未訪問の値≤nは約51%、高さ≤1356のinterior時刻は1e7まで各decade約1000件が[1e9,3e9)で0件、[1e8,1e9)の47件は高さ1355→1217の1本のchain（2時刻で3減）	docs/NEAR_DIAGONAL_CENSUS_3E9_2026-09-02.txt	-	run-length simulatorで1e12以上のchain侵入率を判定
E-025	PROVED-LEAN	global	二分定理D：無限個のnでa n≤n+2、または全ての広い窓[0,m+2]にm/4個以上の永久未訪問値がある（下密度≥1/4）。系としてA枝は密度1/4の欠損を含意し、sub-diagonal再発は全targetのA枝を否定する	Recaman/MissingDensityDichotomy.lean	Recaman.missing_density_dichotomy;Recaman.missing_window_of_law;Recaman.EventualHighCandidateTail.missing_density;Recaman.not_eventualHigh_of_recurrent_low	T2以降の構造定理の基盤として保守
E-026	PROVED-LEAN	chain	descending chain補題：高さhのinterior時刻で小candidate h−1が既訪問なら強制加算で2n+h+1、帯の値n+h−1が未訪問なら時刻n+2に高さh−3で着地、k段で高さh−3k、小candidateはmod 3の1剰余類、出口は上方脱出か遅延着地の2種。遅延着地はa n = n+(t+1)かつtが未訪問と同値	Recaman/DescendingChain.lean	Recaman.chain_forced_addition;Recaman.chain_landing;Recaman.chain_exit_up;Recaman.chain_late_landing;Recaman.chain_descends;Recaman.chain_band_fresh_at_start;Recaman.chain_small_candidate_mod_three;Recaman.late_landing_iff	T4の侵入・生存定理の局所部品として保守
E-027	COMPUTED	global	Chaffinの10^612項計算：下降弧の底は600 decade一貫して1 decadeあたり約8.45本（c/n則）だが深さ比r=(log n−log v)/log nは中央値0.027・99%点0.34で、10^41以降10^7未満の着地はなく、10^612項後の2^32未満の穴は1,277,400個（852655が最小、1007255+3kの等差列を含む）	docs/CHAFFIN_LANDING_ANALYSIS_2026-09-02.md	-	真偽の見立ては非全射側。T4は「弧の深さ（chainの生存長）が固定値へ届かない」自己相似構造の証明へ
E-028	STOPPED	global	自由cutoffのlanding floorとrising floor単独から欠損を導くrouteを停止。前者はE-052で無条件に成立し、prefix cutoffとの同一視はE-053のcanonical反例で無効	docs/HYPOTHESIS_CARD_2026-09-02_LANDING_FLOOR.md	-	同じ検証済みcutoffに結びつくforward exclusionと、それを供給する独立の定量history入力
E-029	COMPUTED	global	run-length simulator（ping-pong先読み）で10^13まで：plainと10^10まで同一出力、1355の初出325,374,625,245とmex推移をOEISと一致、区間数は1 decadeあたり約2.9倍、2^20未満の遅延着地は1 decadeあたり約2.3分の1に減衰（1e12で30件）	docs/RUN_LENGTH_SIMULATOR_2026-09-02.md	-	10^14以降の走行とChaffin台帳との弧の照合
E-030	PROVED-LEAN	chain	hole-hopping規則：高さhのchainは自クラスh−1 (mod 3)の最初の未訪問candidateに着地し（chain_lands_first_fresh）、小さい値vへの着地後は連続する未訪問値v−1, v−2, …を2時刻ごとに掃く（comb_sweep）。他クラスの穴は提示されない	Recaman/HoleHopping.lean	Recaman.chain_lands_first_fresh;Recaman.comb_after_landing;Recaman.comb_sweep;Recaman.chain_never_presents_other_class;Recaman.late_landing_popup	arc traceで確認した実際の遷移規則に合わせて拡張
E-031	COMPUTED	global	Chaffinの2^32未満の穴1,277,400個に対し、帯の生存を無制限としたhole-hoppingの閉包は入口クラスの順序によらず数百本のarcで852655を含むほぼ全ての穴を埋める。従って852655の保護は剰余類の組合せだけでは説明できず、arcの深さ（帯の生存）に依る	docs/data/hole_hopping_closure_2026-09-02.txt	-	arc traceで実際の停止規則を特定し、閉包モデルを修正
E-032	COMPUTED	global	run-length simulatorの区間先読みcensus（10^12まで）：区間の終端は帯の既訪問値（stopA）39%、自クラスの穴への遅延着地（stopB）61%。帯の未訪問run長j_aと穴距離j_bはともに典型的にn·10^−6〜10^−5で、j_a/n>10^−2は1 decadeあたり約100件	docs/data/run_length_simulator_lookahead_1e12_2026-09-02.txt	-	深いarcと大きなj_aの対応をarc traceで確認
E-033	COMPUTED	global	arc trace（10^10）：a(n)=k·n+rで両ステップともr→r−k、弧の底は最後の遅延着地。深い弧6本の終端は同一：comb末端で+3の候補c+vは自身の直前値で塞がれk=3へ跳ね、+4の候補2c+v+2も既訪問でk=3/4に固定、剰余が尽きるまで遅延着地なし。2c+v+2は同じ弧が2×10^4〜6×10^5時刻前にk=2値として訪問していた	docs/ARC_TRACE_2026-09-02.md	-	Φ=時刻+値の走行最大値からの落差が3に達する高さの法則（H-20260902-05受入条件3のexact版）
E-034	PROVED-LEAN	chain	k=3/4固定：孤立した遅延着地のpop-up後に2c+v+2が既訪問なら次も加算でk=4へ（popup_lock_entry）、以後は下側3(m+2k)+(t−5k)・上側2(m+2k)+(t−5k)−1のping-pongが、k=3値が未訪問かつk=2候補が既訪問である限り続き（level34_lock）、その間clock未満の値は訪問されない（level34_lock_above_clock）。k=2候補は弧自身の直前のk=2上側値である（prelanding_upper_values）	Recaman/PopupLock.lean	Recaman.popup_lock_entry;Recaman.level34_pair;Recaman.level34_lock;Recaman.level34_lock_above_clock;Recaman.prelanding_upper_values	剰余尽きによる弧の終了と、k=2/3段のΦ低下の形式化へ
E-035	PROVED-LEAN	chain	k=2/3段：pop-up後に2c+v+2が未訪問なら軌道はそれに着地してk=2へ戻り（popup_return_level_two）、k=2値2m+sからk=1候補m+s−1が未訪問なら高さs−2のk=1へ戻る（level2_to_level1）、既訪問なら3m+s+1へ加算し次のk=2値2m+s−1へ着地する（level23_pair）。反復でk=2 offsetは1対ごとに5減り（level23_phase）、K対後のk=1への出口の位置エネルギー値+時刻は2m+s−K（level23_exit）	Recaman/LevelTwoThree.lean	Recaman.popup_return_level_two;Recaman.level2_to_level1;Recaman.level23_pair;Recaman.level23_phase;Recaman.level23_exit	Φの落差の統計（arc_potential_probe）と組み合わせて弧の底の特徴づけへ
E-036	COMPUTED	global	arc potential probe（10^10、落差の定義されたcomb末端44,421件）：「k=3/4固定 ⟺ Φ=2·時刻+高さの走行最大値からの落差≥3」は偽。blockedかつ落差<3が318件（test値2c+v+2は前の弧のk=4値）、freshかつ落差≥3が2,745件。39弧で底=最初の落差≥3のcomb末端は0本、底=最初のblocked comb末端も0本。Φの減少45,859件は全てk≥3を経由する区間で起こり、maxk=3ではsize=gap/2−2が21,316/21,316	docs/data/potential/REPORT.md	-	弧の終端則を剰余の算術（E-037）で言い換える
E-037	COMPUTED	global	arc death-rule probe（10^10、blocked comb末端19,386件）：k=3/4固定は通常破れる（break 15,926、固定のまま剰余尽き8、k=3値既訪問でk=5へ3,452）。break添字はi_gen=(T−1)+⌊(J_eff+2)/3⌋（T=歯数、J_eff=k=1/2 run長+[run開始が減算]）で12,777/15,926、固定のまま剰余が尽きる条件はv<13+7·i_pred（予測wrap 7・見逃し1・誤警報0・break 15,926）。36弧の底は全てcomb末端で、弧の終わりはwrap 8、break後に穴なし11、fresh後に穴なし15、k=5後2	docs/data/deathrule/REPORT.md	-	i_genとwrap条件のLean化、Chaffinの穴集合上でexact費用のhole-hopping到達可能性を852655に対して計算
E-038	PROVED-LEAN	chain	剰余則と固定の予算：a n=q·n+r（r<n）でq≤rなら両ステップとも(q,r)→(q±1,r−q)（residue_add/residue_sub）、r<q≤nなら次の剰余はr+(n+1)−q>rで弧が終わる（residue_wrap、ステップ種によらない）。固定の1対は予算m+7≤tのとき剰余がt−m→t−m−4→t−m−7と7減り（level34_pair_residues）、t<m+7なら対の内部で剰余が増える（level34_pair_wrap）。comb末端座標では予算13+7k≤vで対kの剰余はv−6−7k・v−10−7k（popup_lock_residues）、6+7K≤v<13+7Kなら対Kで弧が終わる（popup_lock_wrap）。着地前のk=1/2 runがJ対なら3k+1≤Jの候補は軌道自身の値で塞がれ、固定は⌊(J+2)/3⌋対以上続く（popup_lock_candidate_blocked_by_run、popup_lock_persists）	Recaman/LockResidue.lean	Recaman.div_eq_of_decomp;Recaman.mod_eq_of_decomp;Recaman.residue_add;Recaman.residue_sub;Recaman.residue_wrap;Recaman.level34_lower;Recaman.level34_pair_residues;Recaman.level34_pair_wrap;Recaman.popup_lock_residues;Recaman.popup_lock_wrap;Recaman.valuesThrough_mono_of_le;Recaman.popup_lock_candidate_blocked_by_run;Recaman.popup_lock_persists	E-037のwrap条件v<13+7·i_predとT=1のbreak下界i_obs≥⌊(J+2)/3⌋の局所部分。残りはT≥2の先行する歯のtest値の閉塞と、固定が破れた後の降下が穴へ届く条件
E-039	PROVED-LEAN	chain	任意levelのping-pong：既訪問候補は加算を強制し（forced_addition_of_mem）、値未満の未訪問候補は減算を強制する（landing_of_fresh）。上側a m=(p+2)m+r（2p+3≤r<m）から1対で下側(p+1)(m+1)+(r−(p+2))・上側(p+2)(m+2)+(r−(2p+3))=a m+1へ戻り、剰余は2p+3減る（pingpong_pair、pingpong_pair_residues）。候補形の仮定（下側値a m−(m+k+1)が提示時に未訪問、次候補a m−(2m+3k+3)が提示時に既訪問、m+K<a m）のもとK対のrunで上側値はa m+k、下側値はa m−(m+k+1)の連続run（pingpong_run）。DescendingChain(p=0)・LevelTwoThree(p=1)・PopupLock(p=2)の共通形	Recaman/PingPongRuns.lean	Recaman.forced_addition_of_mem;Recaman.landing_of_fresh;Recaman.pingpong_pair;Recaman.pingpong_pair_residues;Recaman.pingpong_run	blocker provenance（H-20260903-01）の仮説(B)「blockerはping-pong runに属する」の形式的裏付け。level付きK対の反復は(2p+3)kが非線形のため候補形にとどめた
E-040	PROVED-LEAN	chain	combがk=2/3段の出口を塞ぐ：T本の歯（a(i+1−2s)=v+s、s<T）の各歯の後の強制加算値はi+v+2−s（comb_addition_values）。test値2i+v+4が未訪問でk=2へ戻った後のk=2/3段の出口候補(i+5+2k)+(v−6−5k)−1=i+v−2−3kは歯3k+4の加算値なので、3k+5≤Tなら提示時に既訪問（level23_candidate_blocked_by_comb）。従ってk=3値が未訪問である限り段は3K+2≤TのK対、すなわち⌊(T−2)/3⌋対以上続く（level23_phase_of_comb）	Recaman/CombExit.lean	Recaman.comb_addition_values;Recaman.level23_candidate_blocked_by_comb;Recaman.level23_phase_of_comb	blocker provenance（H-20260903-01、10^9 discovery）でentry23 blockerの同じ弧・level 1・gap=7の署名として観測。fresh側の費用（comb長T→段長）がLean化された。次はholdout確認と段の出口以後の降下
E-041	COMPUTED	global	blocker provenance（10^10、blocker 52,228件：test 19,738・lockcand 609・l3 3,478・entry23 22,263・bandexit 6,140；discovery c<10^9 21,816件、holdout 30,412件）：lock側のblocker（test/lockcand/l3）は全てlevel≥2（違反0/23,825）で96%が同じ弧自身の値（testは同じ弧のk=2値：k=2/3段の下側run 12,010・chainの上側run 6,927；l3は以前の固定のk=3下側run 3,186）、残りは前の弧のk=4固定run（test 777件、n/c∈[0.444,0.618]）とk=5スパイク（l3 96件）。fresh側（entry23/bandexit）は同じ弧のlevel-1値が87%（comb自身の歯4の加算値=gap 7が2,222件、chainのrun）、前の弧のk=2値（n≈c/2）12%、前々の弧のk=4 2%。blockerの99.78%はping-pong runに属し、例外115件は4→3→2→1→0の梯子79（うち70は遅延着地で終わる）・k=5/6スパイク31・谷5。凍結した(A)(B)(C)は全てREFUTED。一般化(C')「同じ弧⇒q=L、前の弧⇒q>L」の違反はl3の同じ弧k=4（123件、n/c≈0.62、r/n≈0.85〜0.99）と自明例1件	docs/BLOCKER_PROVENANCE_EPOCH_2026-09-03.md	-	帯の履歴は「同じ弧の直近のrun」と「前の弧の時刻≈c/2のrun」で決まる（スケール半減の自己相似）。次はこの2成分で降下の費用を書く模型と(A')(B')(C'')の新カード
E-042	PROVED-LEAN	chain	lockcand level下界の意味監査（H-20260905-01）：comb末端の着地c=i+1より前のclock nとno-wrap予算13+7k≤vだけから、候補w=2c+v−1−3kにsharpな2n+14+4k≤wが成立し、positive nでは2≤w/n。従ってE-041後続候補(A')のlockcand部分はactual-orbit provenanceを使わない算術的帰結で、landing floorのcausal inputにはならない	Recaman/LockResidue.lean	Recaman.popup_lock_candidate_margin;Recaman.popup_lock_candidate_gt_twice_earlier;Recaman.popup_lock_candidate_level_ge_two	初訪問を同じ弧の具体的ping-pong runへ帰属するexact causal statementが得られた場合のみ再開
E-043	COMPUTED	global	lockcand first-visit producer分類（H-20260905-02）：same-arc q=2のupper/lower/both ping-pong rail、run外SSSS ladder/SSAA valley、直前arc q=4 SSSS ladderの6型を凍結。c<10^10の609件とholdout 10^10≤c<2·10^10の274件が無修復で全て分類され、time/budget/formula/flag/gap-cost違反0	docs/data/provenance/h2e10_lockcand_producer.txt	-	一般定理とはせず、actual arc survivalからlanding-bottom descentまたはuniform finite-to-one chargeが出る場合だけ使用
E-044	PROVED-LEAN	chain	lockcand q=2 gap costとlocal charge no-go：w=2n+rなら2(c−n)+12+4k≤rかつ2(c−n)+13+4k≤n。一方、任意Mについて一つのlocal (n,r,w)がM個の異なる後続event clockの候補式とno-wrap budgetに両立する弱化history countermodelがある。local producer分類だけではuniform chargeを導けない	Recaman/LockResidue.lean	Recaman.popup_lock_candidate_qtwo_gap_cost;Recaman.lock_candidate_local_data_allows_many_events	actual orbitのarc survival/historyからstrict descentまたはuniform finite-to-one chargeを与えるinvariantが得られた場合のみ再開
E-045	COMPUTED	global	blocked comb survival比（H-20260905-03）：同じcompleted arcに後続late landingを持つblocked comb endは7·hPrev≤16·v（同値に7T+21J≤9v）を2×10^10まで満たす。既存discovery 19,365件、遅延boundary 352件、凍結holdout 6,391件で違反0・run identity違反0。新しい第40弧の底1814はthreshold未満のterminal wrap	docs/BLOCKED_COMB_SURVIVAL_RATIO_EPOCH_2026-09-05.md	-	一般命題はCONJECTURED。次はT≥2 candidate historyまたはl3blocked survivalの一方だけを別カードで扱う
E-046	PROVED-LEAN	chain	T=1 blocked combのsurvival比に現れる係数7の局所機構：16v<7(v+1+3J)ならpre-landing runが最初のresidue-budget failure pairまでlock candidateを塞ぎ、level-3側freshnessの下でpair内のresidue increaseを強制する	Recaman/LockResidue.lean	Recaman.popup_lock_wrap_of_long_prelanding_run	T≥2のearlier-tooth candidateまたはl3blocked後のsurvivalをactual historyから扱うとき再利用
E-047	PROVED-LEAN	chain	multi-tooth blocked combの条件付きwrap：earlier-tooth test値がfinal landing時に既訪問なら最初のT−1 lock候補を塞ぎ、shiftしたpre-landing runが残りを塞ぐ。16v<7(v+T+3J)は最初のbudget failure pairまでの必要run長を支払い、level-3側freshnessの下でresidue increaseを強制する	Recaman/LockResidue.lean	Recaman.popup_lock_wrap_of_multitooth_history	一般arc survivalからearlier-tooth membershipを強制する不変量、またはl3blocked survivalが得られた場合のみ再開
E-048	PROVED-LEAN	chain	l3blocked後のresidue-budget kernel：一般levelのping-pong pairはupper residueが2p+3未満なら二歩内でwrapする。popupのblocked level-three candidateはlevel-five residue v−10−7kへ入り、level-5/4 runは1 pairあたり9を払って9K≤r<9(K+1)ならpair Kでresidue increaseする	Recaman/PingPongRuns.lean	Recaman.pingpong_pair_wrap;Recaman.level45_run_wrap;Recaman.popup_l3blocked_level45_entry;Recaman.popup_l3blocked_level45_wrap	actual arc historyからl3blocked後の必要run長を強制する不変量が得られた場合のみ再開
E-049	REFUTED	global	l3blocked terminalをinitial level-5/4 budget wrapだけで分類する同値：2×10^10のcompleted record 4,844件を追跡し、direct wrap index違反0だが、terminal c=588583はbudget 532 pairより前の43 pairでlowerFreshへ離脱後に同じarcでwrapする反例。discoveryはwrap 1 / upperBlocked 628 / lowerFresh 2,849、holdoutは0 / 223 / 1,143	docs/data/deathrule/h2e10_level45_survival.txt	-	lowerFresh後を含むphase-to-phase descentまたはfinite-to-one chargeが得られた場合のみ再開
E-050	PROVED-PAPER	global	phase capacity B(q,r)=floor(r/(2q-1))へalpha·n+beta·x+psi(q)を加える全affine potentialは、density・triangular range・canonical parityを満たすexact seeded lowerFresh/upperBlocked反例族により連続positive-length phase間のstrict descentもnonincreaseも与えない。initial-0 orbitだけに量化したno-goではない	docs/PHASE_HISTORY_ADVISORY_AUDIT_2026-09-06.md	-	full initial-0 provenanceからseeded familyを排除しsurvival ratioへ接続する新しい定量history入力が得られた場合のみ別classを検討
E-051	COMPUTED	global	completed canonical arcのl3blocked後、最初のwrapまたはlate landingまでのpositive blocker多重度候補≤2：discovery s≤600000は17 excursion・6,305 use・最大2、凍結holdout 600000<s≤2000000は22 excursion・12,802 use・最大1、違反0。一回使用はc=97896,w=395922の2-useで偽	docs/data/deathrule/h2e6_l3blocked_resource_multiplicity.txt	-	all-scale boundはCONJECTURED。survival ratioに消費できるcutoff-independentなweight inequalityが紙上で得られた場合のみ形式化
E-052	PROVED-LEAN	global-audit	無条件のeventual escape：各再訪のclockは値以下なので、全Bに対しあるN以降でB<a n。missing仮定不要で任意arc-bottom predicateのeventual floorも含意	Recaman/EventualEscape.lean	Recaman.repeat_clock_le_value;Recaman.eventually_ne_value;Recaman.eventually_above_every_bound;Recaman.eventually_above_on_selected_times	非定量的escapeを非全射の新入力に数えない
E-053	PROVED-LEAN	semantic-audit	4はclock4まで未訪問で自由cutoffのeventual floorを持つがclock131で出現。同じcutoffのprefixとfuture floorなら永久欠損が従う。全射な恒等列はrising floorとも両立	Recaman/EventualEscape.lean	Recaman.free_cutoff_does_not_certify_missing;Recaman.missing_of_prefix_and_same_cutoff_floor;Recaman.rising_floor_compatible_with_surjectivity	固定cutoffのforward exclusionまたはfloorの下に残る未訪問値の独立証拠が必要
E-054	PROVED-LEAN	survival-no-go	density・triangular range・parityを満たすexact seedでT=1,J=25,h=135,c=2213,v=59から同じno-wrap arcの2229で1へ着地し944<945。l3blocked後のpositive blockersは6700,8919,11139の一回使用だけ。canonical反例ではない	Recaman/SeededSurvivalCounterexample.lean	Recaman.seededSurvival_ratio_counterexample;Recaman.seededSurvival_one_use_resources	one-useだけでは不十分。seedの小値欠損という弱さはE-056の任意finite-prefix族で監査
E-055	COMPUTED	preload-free-survival	単一初期値z=0..20000から各2M clockを生成しT=1 blocked-continued survival比を検査。discovery102615件とholdout2574833件で違反0、canonical59件は既存probeとrecord単位で一致	docs/STRATEGY_AUDIT_2026-09-06.md	-	joint birth生成がseeded反例族を排除する紙上の定量入力。一般定理へは昇格しない
E-056	PROVED-LEAN	survival-no-go	任意有限Fを含むseedでもT=1 survival比は偽。v=D²+w,J=v/2とSS(AS)^J S A^D S^DでFの最大より大きいwへ同じarc内で着地し、ratio slack=-3v/2-7、positive blocker多重度1。density・range・parityも満たす	Recaman/FinitePrefixSurvivalCountermodel.lean	Recaman.SurvivalFamily.finite_prefix_survival_countermodel	一般族をLean認証済み。正のsurvival攻略にはfixed prefix inclusionより強い共同birth生成の定量入力が必要
E-057	REFUTED	weighted-landing-drop	canonical T=1 blocked-continued combで7J≤3(v-u)は偽。20Bのdiscovery1221件は違反0、holdout3228件に5反例、最初はc=11685598221,J=276986,v=4318940415,u=4318376915でslack=-248402。元のsurvival比の反証ではない	docs/STRATEGY_AUDIT_2026-09-06.md	-	係数調整を停止。最初の反例のphase離脱と共同birth資源を分類する独立unitのみ
E-058	COMPUTED	joint-birth-diagnostic	固定canonical例c=11685598221のW全31058値をscalar/acceleratedでfirst birthと符号を完全照合。25031値はarc40 q3 S、6027値はarc39 q5 Aの二つの隣接producer rail。次candidateは結合rail下端より2小さくfresh	docs/JOINT_BIRTH_AUDIT_2026-09-07.md	-	有限の原因診断。全canonical phaseの二run分類へ一般化しない
E-059	STOPPED	survival-positive-route	E-058の共同birth分類から独立した大域資源不等式は得られず、費用恒等式・one-use・係数調整へ戻る正のsurvival証明枝を停止。元のcanonical survival命題の反証ではない	docs/HYPOTHESIS_CARD_2026-09-07_JOINT_BIRTH_DIAGNOSTIC.md	-	E-056を分離し、actual producer群の共同生成からsurvival比への未知edgeを減らす具体的不等式が得られた場合だけ再開
E-060	PROVED-LEAN	finite-replay-closure	認証済み19@99734とclock112のno-low制約を結合し、任意の完全なpermanent-tail replayのclock112を追加仮定なしに排除。clock≥113、target≥115。通常の局所crossing112の排除ではない	Recaman/PermanentAboveClock112Exclusion.lean	Recaman.TerminalExactDischargeReplayCertificate.crossingTime_ne_onehundredtwelve;Recaman.TerminalExactDischargeReplayCertificate.onehundredthirteen_le_crossingTime;Recaman.TerminalExactDischargeReplayCertificate.onehundredfifteen_le_target	#61の有限残余を完了。clock777への列挙や大域枝は再開せず、独立した数学的入力を要求
E-061	PROVED-PAPER	state-summary-no-go	任意low-prefixとmodulusでclock/current・low membership・個数・最大・総和・剰余別個数が一致し、実stepの2歩後target到達が異なる有限履歴対を構成。集計からのexact予測のみのno-go	docs/HYPOTHESIS_CARD_2026-09-07_INDUCTIVE_BARRIER.md	-	適応的candidate membershipまたは時刻順の生成制約が閉じる具体案が必要。sound非決定的抽象は未排除
E-062	PROVED-PAPER	first-hit-source	late first-hitの最大AS chainでsmall blocker全ては開始clock pより前に存在しk≤p−1。k>0入口はSSまたは加算run末尾、後者はT≤m+5k+3。局所輸送でありcanonical separatorではない	docs/HYPOTHESIS_CARD_2026-09-07_FIRST_HIT_BACKWARD.md	-	old算術級数とfresh帯の共同生成を制約する独立不等式が必要
E-063	REFUTED	first-hit-birth-contraction	SS入口の必要small blockerが値以下のclockで初出するという候補は5@129で偽。blocker17@25,14@31,8@16がfresh帯137..134とcanonicalで共存。330対象chain中215で違反	docs/HYPOTHESIS_CARD_2026-09-07_FIRST_HIT_BACKWARD.md	-	時刻閾値や係数の修理を停止。共同生成の独立入力が出る場合のみ別候補
E-064	PROVED-PAPER	joint-support-no-go	全E-056パラメータで将来fresh減算値を避けた橋を2D未満追加でき、sorted gap≤clockとdensity/range/parityを保ちながらexact word・survival違反も保持。静的連結性はseparatorにならない	docs/HYPOTHESIS_CARD_2026-09-07_JOINT_GENERATION_COST.md	-	時刻順のbirthとproducer付随値を保持する共同生成モデルが必要
E-065	PROVED-LEAN	periodic-supply-reduction	任意有限Stateからのexact orbitがeventual周期pへ入るならmassは正で各A位相に0<d<p(p+1)のP2が必要。非正massは値の非負性と矛盾	Recaman/FiniteSeedPeriodicSupply.lean	Recaman.FiniteSeedPeriodicSupply.seeded_eventual_supply;Recaman.NonpositivePeriodDrift.period_mass_positive	E-067全period組合せ命題を証明または反証。固定語反復の排除は非全射性を含意しない
E-066	COMPUTED	periodic-supply-falsifier	period1..18の正符号和229045語で全加算phaseがP2供給可能な語0。period19..64の固定shuffle/swap90640評価でも0。強化|U|≤|D|はperiod1..16の56747語で違反0。有限証拠のみ	docs/PARALLEL_APPROACH_TRIAGE_2026-09-07.md	-	period延長のみを完了にせず、全periodの論証か明示反例を要求
E-067	CONJECTURED	periodic-word-obstruction	任意の正符号和の有限周期±1語にはP2供給lagを持たない加算phaseがある。E-065と合成すればfinite-history exact orbitのeventual固定符号周期を排除できる	docs/HYPOTHESIS_CARD_2026-09-07_MACRO_INDUCTION.md	-	全periodの組合せ証明または全加算phaseを供給する明示語。周期性排除と永久欠損は別命題
E-068	PROVED-PAPER	multi-hole-abstraction-no-go	任意entryと無制限bandのhole-only抽象では任意有限Mが高々|M|非空arcで空になる。全抽象arcで保存されemptyを排除するhole-set-only述語は成立しない	docs/HYPOTHESIS_CARD_2026-09-07_MULTI_HOLE_CAPACITY.md	-	実際のentry/survival制限または補充を制御した資源のstrict容量不足が必要
E-069	REFUTED	periodic-supply-injection	最小P2 lag内の最古のS phaseへ写す単射案はperiod12 SSSSAAAASAAAの加算phase7と11が共にS phase8へ写り偽。一般matchingやcountの反証ではない	docs/HYPOTHESIS_CARD_2026-09-07_MACRO_INDUCTION.md	-	全供給区間からのHall条件または独立の計数証明が必要。単射を仮定しない
E-070	CONJECTURED	periodic-supply-capacity	任意の正符号和の有限周期±1語でP2供給可能な加算phase集合Uは減算phase集合Dに対して|U|≤|D|。真ならE-067を含意する	docs/HYPOTHESIS_CARD_2026-09-07_MACRO_INDUCTION.md	-	全periodの容量証明または明示語による反証。最古S写像はE-069で棄却済み
E-071	PROVED-LEAN	short-periodic-supply-capacity	任意周期の符号語でlag≤7のP2供給を持つ加算phase数≤減算phase数。正符号和なら短い供給を持たない加算が存在。実過去窓との同値とlag11の陰性対照もkernel認証	Recaman/ShortPeriodicSupply.lean	Recaman.ShortPeriodicSupply.potential_step;Recaman.ShortPeriodicSupply.supplied_window_iff;Recaman.ShortPeriodicSupply.periodic_capacity;Recaman.ShortPeriodicSupply.exists_phase_without_short_supply;Recaman.ShortPeriodicSupply.lag_eleven_survives_short_exclusion	全lagのE-067/E-070は未解決。長い供給を同じ容量へ課金する独立入力が必要
E-072	REFUTED	periodic-escape-selector	escape phaseを供給不能として選ぶ案とその修理は偽。r≥1のA^(5r) S^(5r−1) (AS)^(4r(5r−3))は唯一のescape phase0をlag200r²−80r−1でP2供給する	docs/data/issue73_20260907/geometry_attempt.md	-	このselectorを停止。全加算の供給可否や実周期軌道の反例ではない
E-073	REFUTED	minimum-lag-endpoint	最小P2 lagの最古位置が必ずSという簡略化は、新→古のSAAASAASSSAで偽。lag11の末端はAで短いP2はない	docs/data/issue73_20260907/macro_proof_attempt.md	-	供給区間端をS位置へ無証明に同一視する案を停止
E-074	REFUTED	supplier-second-moment-rank	最小P2区間の第2momentが常に負というrank案は、新→古のAAASSASSSAAで偽。lag11、第1moment0、第2moment36	docs/data/issue73_20260907/macro_proof_attempt.md	-	第2momentの一様符号によるrankを停止。E-067/E-070は未反証
E-075	REFUTED	all-addition-future-debt	今後Aのみ続けた供給需要の増加をS一回につき1以下とする予算案は偽。SSSAAAAへSを追加するとlag≤7の将来需要が0から2へ増加	docs/data/issue73_20260907/macro_proof_attempt.md	-	過去のSによる供給再活性化を保持する資源が必要。単一future-run需要量は停止
E-076	COMPUTED	minimum-lag-domain-Hall	最小P2 lag区間の全S候補によるHall条件をperiod1..18の正符号和229045語で検査し反例0。206語で直接lag総和と全部分集合を独立照合	docs/ISSUE73_PERIODIC_SUPPLY_2026-09-07.md	-	全periodのHall条件は未証明。既使用word範囲の新property検査である
E-077	COMPUTED	bounded-lag-automaton-capacity	lag上限3,7,11,15,19の全shift graphでpotential全辺不等式を独立検査。合計1118480辺、容量超過のpositive cycleなし。上限7のみE-071でLean化	docs/data/issue73_20260907/automaton_independent_audit.md	-	固定lag上限の証拠を全lagへ外挿しない。一般potentialか明示countercycleが必要
E-078	COMPUTED	fixed-short-matching-extension	U7の紙上単射を固定して除いたS候補へ最小lag11のphaseをmatchingできるか検査。229045語の26586行で成功、独立domain再計算もPASS	docs/data/issue73_20260907/macro_proof_attempt.md	-	全periodの拡張命題は未証明。長いlagに共通の仕組みが出なければ有限分類だけを続けない
E-079	PROVED-LEAN	lag11-injection-kernel	min-lag-11窓は17型、各型のchargeはSで3つのU7規則と矛盾し、相異なる型対は距離j−iで符号衝突する	Recaman/LagElevenSupply.lean	Recaman.LagElevenSupply.seventeen_types;Recaman.LagElevenSupply.types_are_minLag11;Recaman.LagElevenSupply.charge_is_S;Recaman.LagElevenSupply.charge_u7_blocked;Recaman.LagElevenSupply.pairwise_clash	周期語から17型への接着はE-087。和|U7∪U11min|≤|D|はE-080
E-087	PROVED-LEAN	lag11-periodic-capacity	任意周期でmin-lag-11の加算phase数≤減算phase数。phi11Phaseは円上単射で像はD	Recaman/LagElevenPeriodic.lean	Recaman.LagElevenPeriodic.u11Count_le_subtractionCount;Recaman.LagElevenPeriodic.phi11Phase_inj;Recaman.LagElevenPeriodic.phi11Phase_is_sub	和|U7∪U11min|≤|D|はE-080。lag-19型表はしない
E-080	PROVED-LEAN	lag11-injection	任意周期でφ7とφ11は単射、像は交わらずDへ。従って|U7∪U11min|≤|D|。正符号和のE-070反例語は最小lag≥15を使う	Recaman/LagElevenPeriodic.lean	Recaman.LagElevenPeriodic.suppliedCount_add_u11Count_le_subtractionCount;Recaman.LagElevenPeriodic.phi7Phase_inj;Recaman.LagElevenPeriodic.phi7_phi11_image_ne	E-067/E-070は未解決。lag15延長はE-086。lag-by-lagの先はE-088で停止
E-081	COMPUTED	periodic-UA-exhaustion-22	period19..22の正符号和3,487,066語を閉形式P2で全数しU=Aは0。p=19,20がdiscovery、21,22がholdout。E-067の全period証明ではない	docs/data/issue73_20260908/counterword/summary.txt	-	period延長を完了にせず、E-086の次はE-079接着またはlag≥19のE-067反例語
E-082	REFUTED	two-child-kappa-S-injection	供給Aのtwo-child descentをκ降下のSへ単射課金する案は偽。ASSSAASAAASAAのt=11は両childがA。AASAAASSはunique κ-min SへHall衝突。どちらもU≠A	docs/data/issue73_20260908/geometry/inventory_attempt.md	-	このinventoryを停止。λ再調整やκ-min容量2は二回目の修理なので再開しない
E-083	REFUTED	least-window-kappa-S-injection	I_invの許可修理（least-P2窓と次phaseのκ降下S）はASASASAAASSで偽。U={0,8}のC_tがともに{9}。U≠A	docs/data/issue73_20260908/geometry/inventory_attempt.md	-	S-inventory classはSTOPPED。下位κのS単射へ還元されない別の支払いが必要
E-084	STOPPED	lean7-window-embedding-potential	L=7 potentialを新しい7bitへ埋め込む閉形式はL=11のlag-11-only加算辺で偽（SSAAAAAASSSにA）。AAA boost修理も同じA辺と96件のS辺で偽。E-070の反証ではない	docs/data/issue73_20260908/potential/formula_attempt.md	-	P_Lそのものを符号化しない新しい統計量が出るまでこのformula classは再開しない
E-085	REFUTED	lag11-following-gap-class	U7のfollowing-gap類（=1,=3,≥4）と交わらないgap類へのlag-11一様課金は偽。HARDは交わりのないexact gapを持たず、gap=2はASSSASSAAAASSAで同一Sへ衝突	docs/data/issue73_20260908/lag11/paper_attempt.md	-	following-gap分割は停止。再開は新しい不変量。型ごとのoffset表（E-080）は別命題
E-086	PROVED-PAPER	lag15-injection	任意周期でφ7,φ11と像が交わらないmin-lag-15の155型CSP chargeは単射。従って|U7∪U11min∪U15min|≤|D|。正符号和のE-070反例語は最小lag≥19を使う	docs/data/issue73_20260908/lag11/lag15_injection_proof.md	-	lag-by-lag延長はE-088で停止。155行decideもlag-19型表もしない
E-088	STOPPED	lag-by-lag-type-offset	宣言したd非依存セレクタ（raw Sのmin/max/median/min≥3/closest-d/2、blocked集合のmin/max/median/closest-d/2）はφ7を再現しないかlag-15でZ開対を持つ。lag-by-lag型課金クラスを停止。E-070の反証ではない	docs/data/issue73_20260908/lag11/uniform_selector.txt	-	155型に対し新しい型表なしで単射な局所障害が書けるか、SSAAAAAASSSで上がりAAASAASSSSSのSで高々1下がる閉形式Fが出るまで再開しない
E-089	REFUTED	bounded-catalytic-lookahead	未来のSをk回まで許す最大純供給R_kに対するpotential F_k=−R_kはk=1,2とも偽。L=11のS辺でR_1は1→3、R_2は0→2。上界・証人を独立全列挙で確認	docs/HYPOTHESIS_CARD_2026-09-09_CATALYTIC_LOOKAHEAD.md	-	今回の先読み回数延長はSTOPPED。任意kの不可能性やE-070反証ではない。繰り返す供給再活性化を扱う構造が出るまで再開しない
E-090	PROVED-LEAN	leading-A-sharp-bound	任意P2窓の先頭m≥3個がAならd≥4m−1。全mの等号最小P2族と、等号窓で続くm−1個のSを実streamのP2へ接着して証明	Recaman/LeadingRunSupply.lean	Recaman.LeadingRunSupply.past_p2_iff;Recaman.LeadingRunSupply.stream_leading_run_bound;Recaman.LeadingRunSupply.sharpFamily_certificate;Recaman.LeadingRunSupply.stream_sharp_S_block	run長だけの下界強化は不可。非等号窓の共同制約が必要
E-091	PROVED-PAPER	sharp-window-partitions	d=4m−1で先頭m個がAの全P2窓はmの整数分割と一対一。A位置は1..mと3m+i−lambda_i。m≥3なら最小P2窓	docs/HYPOTHESIS_CARD_2026-09-09_SHARP_PARTITIONS.md	-	全単射は未Lean化。有限partition数の追加を進捗としない
E-092	PROVED-LEAN	nested-gap-protected-S	k個のAを挟む入れ子P2窓はDelta(Delta−4k)≥4k(d−1)。等号窓のpenultimate-S chargeは単射でm≥L+1ならlag3をoffset3へ送る半径Lの短いchargeと非衝突	Recaman/LeadingRunSupply.lean	Recaman.LeadingRunSupply.nested_supply_gap;Recaman.LeadingRunSupply.stream_nested_supply_strict_gap;Recaman.LeadingRunSupply.sharp_supply_no_second;Recaman.LeadingRunSupply.sharp_protected_charge;Recaman.LeadingRunSupply.sharp_charge_injective	一般周期拡張はE-095、既存写像への適用はE-093。入れ子を落とす一般化はE-094で偽
E-093	PROVED-PAPER	sharp-infinite-subclass-capacity	E-080/E-086の既存短写像を一般拡張E-095へ適用し、任意周期で|U≤11|+|Q(m≥12)|≤|D|と|U≤15|+|Q(m≥16)|≤|D|。Qはlag4m−1の等号供給Aで追加lagに上限なし	docs/HYPOTHESIS_CARD_2026-09-09_SHARP_CAPACITY_EXTENSION.md	-	一般拡張はLeanだが既存写像の具体的適用は紙上。全lag E-070には非等号窓・非入れ子切替の制約が必要
E-094	REFUTED	minimal-lag-monotonicity	長いA区間でも最小P2 lagは減る。23→15はLean認証。任意r≥2で先頭A数r²−1、最小lag4r²+4r−1から一歩後4r²−1への反例族は紙上	docs/HYPOTHESIS_CARD_2026-09-09_NONNESTED_LAG_DROP.md	Recaman.LeadingRunSupply.nonnested_lag_drop_certificate	run長の閾値変更による単調lag修理は停止。入れ子条件を保つか非入れ子切替を明示して扱う
E-095	PROVED-LEAN	periodic-sharp-capacity-extension	任意周期でsharp窓chargeはSへの単射で短chargeと非衝突。半径Lでlag3をoffset3へ送る既存単射を仮定し、m≥max(3,L+1)のsharp phaseを追加した一般有限容量不等式を証明	Recaman/SharpPeriodicSupply.lean	Recaman.SharpPeriodicSupply.sharp_charge_mod_injective;Recaman.SharpPeriodicSupply.sharp_charge_is_S;Recaman.SharpPeriodicSupply.sharp_short_mod_disjoint;Recaman.SharpPeriodicSupply.periodic_capacity_extension	既存phi7/phi11/phi15への具体的適用はE-093。非等号窓は未解決
